key,English,Hindi,Santali draft,corrected Santali
fire01.title,Fire and explosion response,आग और विस्फोट से बचाव,ᱥᱮᱸᱜᱮᱞ ᱟᱨ ᱵᱤᱥᱯᱷᱚᱴ,
fire01.brief.instruction,A small fire has started near waste material.,कचरे के पास छोटी आग लग गई है।,ᱠᱚᱪᱲᱟ ᱥᱚᱨ ᱨᱮ ᱢᱤᱫ ᱦᱩᱰᱤᱧ ᱥᱮᱸᱜᱮᱞ ᱞᱟᱜᱟᱣ ᱮᱱᱟ᱾,
fire01.brief.audio,A small fire has started near waste material in the workshop.,वर्कशॉप में कचरे के पास एक छोटी आग लग गई है।,ᱣᱚᱨᱠᱥᱚᱯ ᱨᱮ ᱠᱚᱪᱲᱟ ᱥᱚᱨ ᱨᱮ ᱢᱤᱫ ᱦᱩᱰᱤᱧ ᱥᱮᱸᱜᱮᱞ ᱞᱟᱜᱟᱣ ᱮᱱᱟ᱾,
fire01.place_fire.instruction,"Tap the floor to place the fire away from the EXIT sign or EXIT marker, so you can face the fire with the exit behind you.","आग को EXIT चिह्न या EXIT मार्कर से दूर रखने के लिए फ़र्श को छुएँ, ताकि आग की ओर मुँह करने पर निकास आपके पीछे रहे।","EXIT ᱪᱤᱱᱦᱟᱹ ᱥᱮ EXIT ᱢᱟᱨᱠᱟᱨ ᱠᱷᱚᱱ ᱥᱟᱝᱜᱤᱧ ᱥᱮᱸᱜᱮᱞ ᱫᱚᱦᱚ ᱞᱟᱹᱜᱤᱫ ᱚᱛᱮ ᱴᱤᱯᱟᱹᱣᱢᱮ, ᱡᱮᱢᱚᱱ ᱚᱰᱚᱜ ᱦᱚᱨ ᱟᱢ ᱛᱟᱭᱚᱢ ᱨᱮ ᱛᱟᱦᱮᱸᱱ ᱠᱟᱛᱮ ᱥᱮᱸᱜᱮᱞ ᱥᱟᱢᱟᱝ ᱨᱮ ᱛᱤᱝᱜᱩ ᱫᱟᱲᱮᱭᱟᱜᱼᱟᱢ᱾",
fire01.place_fire.audio,"Point your camera at the floor. Place the fire away from the EXIT sign or EXIT marker, so you can face the fire with the exit behind you. Tap to place it.","कैमरा फ़र्श की ओर करें। आग को EXIT चिह्न या EXIT मार्कर से दूर रखें, ताकि आग की ओर मुँह करने पर निकास आपके पीछे रहे। रखने के लिए छुएँ।","ᱠᱮᱢᱮᱨᱟ ᱚᱛᱮ ᱥᱮᱫ ᱫᱚᱦᱚᱭᱢᱮ᱾ EXIT ᱪᱤᱱᱦᱟᱹ ᱥᱮ EXIT ᱢᱟᱨᱠᱟᱨ ᱠᱷᱚᱱ ᱥᱟᱝᱜᱤᱧ ᱥᱮᱸᱜᱮᱞ ᱫᱚᱦᱚᱭᱢᱮ, ᱡᱮᱢᱚᱱ ᱚᱰᱚᱜ ᱦᱚᱨ ᱟᱢ ᱛᱟᱭᱚᱢ ᱨᱮ ᱛᱟᱦᱮᱸᱱ ᱠᱟᱛᱮ ᱥᱮᱸᱜᱮᱞ ᱥᱟᱢᱟᱝ ᱨᱮ ᱛᱤᱝᱜᱩ ᱫᱟᱲᱮᱭᱟᱜᱼᱟᱢ᱾ ᱫᱚᱦᱚ ᱞᱟᱹᱜᱤᱫ ᱴᱤᱯᱟᱹᱣᱢᱮ᱾",
fire01.raise_alarm.instruction,Raise the alarm. Press the call point and shout Fire.,अलार्म बजाएँ। कॉल पॉइंट दबाएँ और ज़ोर से आग चिल्लाएँ।,"ᱮᱞᱟᱨᱢ ᱵᱟᱡᱟᱣᱢᱮ᱾ Call point ᱴᱤᱯᱟᱹᱣᱢᱮ ᱟᱨ ""ᱥᱮᱸᱜᱮᱞ"" ᱢᱮᱱᱛᱮ ᱦᱚᱦᱚᱭᱢᱮ᱾",
fire01.raise_alarm.audio,Raise the alarm now. Press the call point and shout Fire.,अभी अलार्म बजाएँ। कॉल पॉइंट दबाएँ और ज़ोर से आग चिल्लाएँ।,"ᱱᱤᱛᱚᱜ ᱮᱞᱟᱨᱢ ᱵᱟᱡᱟᱣᱢᱮ᱾ Call point ᱴᱤᱯᱟᱹᱣᱢᱮ ᱟᱨ ""ᱥᱮᱸᱜᱮᱞ"" ᱢᱮᱱᱛᱮ ᱦᱚᱦᱚᱭᱢᱮ᱾",
fire01.find_exit.instruction,Find the nearest exit sign with your camera.,कैमरे से सबसे पास का निकास चिह्न ढूँढें।,ᱠᱮᱢᱮᱨᱟ ᱛᱮ ᱥᱟᱱᱟᱢ ᱠᱷᱚᱱ ᱥᱚᱨ ᱚᱰᱚᱜ ᱦᱚᱨ ᱪᱤᱱᱦᱟᱹ ᱯᱟᱱᱛᱮᱭᱢᱮ᱾,
fire01.find_exit.audio,Find the nearest exit. Point your camera at the exit sign.,सबसे पास का निकास ढूँढें। कैमरा निकास चिह्न की ओर करें।,ᱥᱟᱱᱟᱢ ᱠᱷᱚᱱ ᱥᱚᱨ ᱚᱰᱚᱜ ᱦᱚᱨ ᱯᱟᱱᱛᱮᱭᱢᱮ᱾ ᱚᱰᱚᱜ ᱦᱚᱨ ᱪᱤᱱᱦᱟᱹ ᱥᱮᱫ ᱠᱮᱢᱮᱨᱟ ᱫᱚᱦᱚᱭᱢᱮ᱾,
fire01.pick_extinguisher.instruction,Choose the right extinguisher for this fire.,इस आग के लिए सही अग्निशामक चुनें।,ᱱᱚᱶᱟ ᱥᱮᱸᱜᱮᱞ ᱞᱟᱹᱜᱤᱫ ᱴᱷᱤᱠ extinguisher ᱵᱟᱪᱷᱟᱣᱢᱮ᱾,
fire01.pick_extinguisher.audio,Look at the fire. Choose the right extinguisher for it.,आग को देखें। इसके लिए सही अग्निशामक चुनें।,ᱥᱮᱸᱜᱮᱞ ᱧᱮᱞᱢᱮ᱾ ᱱᱚᱶᱟ ᱞᱟᱹᱜᱤᱫ ᱴᱷᱤᱠ extinguisher ᱵᱟᱪᱷᱟᱣᱢᱮ᱾,
fire01.pick_extinguisher.option.water,Water-type extinguisher,पानी वाला अग्निशामक,ᱫᱟᱜ ᱠᱤᱥᱤᱢ extinguisher,
fire01.pick_extinguisher.option.dcp,Dry chemical powder (DCP) extinguisher,सूखा रासायनिक पाउडर (DCP) अग्निशामक,Dry chemical powder (DCP) extinguisher,
fire01.pick_extinguisher.option.co2,CO2 extinguisher,CO2 अग्निशामक,CO2 extinguisher,
fire01.approach.instruction,Move closer with the exit behind you.,निकास को पीछे रखते हुए पास जाएँ।,ᱚᱰᱚᱜ ᱦᱚᱨ ᱟᱢ ᱛᱟᱭᱚᱢ ᱨᱮ ᱫᱚᱦᱚ ᱠᱟᱛᱮ ᱥᱚᱨ ᱥᱮᱱᱚᱜᱢᱮ᱾,
fire01.approach.audio,Walk toward the fire. Keep the exit behind you.,आग की ओर बढ़ें। निकास को अपने पीछे रखें।,ᱥᱮᱸᱜᱮᱞ ᱥᱮᱫ ᱥᱮᱱᱚᱜᱢᱮ᱾ ᱚᱰᱚᱜ ᱦᱚᱨ ᱟᱢ ᱛᱟᱭᱚᱢ ᱨᱮ ᱫᱚᱦᱚᱭᱢᱮ᱾,
fire01.extinguish.instruction,"Put out the fire: Pull the pin, Aim at the base, Squeeze, Sweep.","आग बुझाएँ: पिन खींचें, जड़ पर निशाना लगाएँ, लीवर दबाएँ, दाएँ-बाएँ घुमाएँ।","ᱥᱮᱸᱜᱮᱞ ᱵᱩᱡᱷᱟᱹᱣᱢᱮ: ᱯᱤᱱ ᱚᱨᱢᱮ, ᱞᱟᱛᱟᱨ ᱦᱟᱹᱴᱤᱧ ᱥᱮᱫ ᱫᱚᱦᱚᱭᱢᱮ, lever ᱪᱟᱯᱟᱣᱢᱮ, ᱞᱮᱸᱜᱟ-ᱡᱚᱡᱚᱢ ᱜᱷᱩᱢᱟᱹᱣᱢᱮ᱾",
fire01.extinguish.audio,"Pull the pin. Aim the nozzle at the base of the fire, not the flame tops. Squeeze the lever and sweep from side to side.","पिन खींचें। नोज़ल को आग की जड़ पर रखें, लपटों के ऊपर नहीं। लीवर दबाएँ और दाएँ-बाएँ घुमाते रहें।","ᱯᱤᱱ ᱚᱨᱢᱮ᱾ Nozzle ᱥᱮᱸᱜᱮᱞ ᱨᱮᱭᱟᱜ ᱞᱟᱛᱟᱨ ᱦᱟᱹᱴᱤᱧ ᱥᱮᱫ ᱫᱚᱦᱚᱭᱢᱮ, ᱪᱮᱛᱟᱱ ᱦᱟᱹᱴᱤᱧ ᱥᱮᱫ ᱵᱟᱝ᱾ Lever ᱪᱟᱯᱟᱣᱢᱮ ᱟᱨ ᱞᱮᱸᱜᱟ-ᱡᱚᱡᱚᱢ ᱜᱷᱩᱢᱟᱹᱣᱢᱮ᱾",
fire01.escalation.instruction,The fire is spreading. What do you do?,आग फैल रही है। आप क्या करेंगे?,ᱥᱮᱸᱜᱮᱞ ᱯᱟᱥᱱᱟᱣᱚᱜ ᱠᱟᱱᱟ᱾ ᱟᱢ ᱪᱮᱫ ᱠᱟᱹᱢᱤᱭᱟᱢ?,
fire01.escalation.audio,The fire is spreading. What do you do now?,आग फैल रही है। अब आप क्या करेंगे?,ᱥᱮᱸᱜᱮᱞ ᱯᱟᱥᱱᱟᱣᱚᱜ ᱠᱟᱱᱟ᱾ ᱱᱤᱛᱚᱜ ᱟᱢ ᱪᱮᱫ ᱠᱟᱹᱢᱤᱭᱟᱢ?,
fire01.escalation.option.keep_fighting,Keep fighting the fire,आग से लड़ते रहें,ᱥᱮᱸᱜᱮᱞ ᱥᱟᱶ ᱞᱚᱲᱟᱹᱭ ᱪᱟᱞᱟᱣᱢᱮ,
fire01.escalation.option.evacuate_alert,Evacuate and alert others,बाहर निकलें और दूसरों को सावधान करें,ᱵᱟᱦᱨᱮ ᱚᱰᱚᱜᱢᱮ ᱟᱨ ᱮᱴᱟᱜ ᱦᱚᱲᱠᱚ ᱠᱷᱚᱵᱚᱨ ᱮᱢᱟᱠᱚᱢᱮ,
fire01.escalation.option.collect_belongings,Collect your belongings,अपना सामान इकट्ठा करें,ᱟᱯᱱᱟᱨ ᱡᱤᱱᱤᱥ ᱡᱟᱢᱟᱹᱣᱢᱮ,
fire01.evacuate.instruction,Follow the arrows to the exit.,तीर के निशानों के पीछे निकास तक जाएँ।,ᱥᱟᱨ ᱪᱤᱱᱦᱟᱹ ᱛᱟᱭᱚᱢ ᱛᱟᱭᱚᱢ ᱚᱰᱚᱜ ᱦᱚᱨ ᱦᱟᱹᱵᱤᱡ ᱥᱮᱱᱚᱜᱢᱮ᱾,
fire01.evacuate.audio,Leave now. Follow the arrows to the exit.,अभी निकलें। तीर के निशानों के पीछे निकास तक जाएँ।,ᱱᱤᱛᱚᱜ ᱚᱰᱚᱜᱢᱮ᱾ ᱥᱟᱨ ᱪᱤᱱᱦᱟᱹ ᱛᱟᱭᱚᱢ ᱛᱟᱭᱚᱢ ᱚᱰᱚᱜ ᱦᱚᱨ ᱦᱟᱹᱵᱤᱡ ᱥᱮᱱᱚᱜᱢᱮ᱾,
fire01.assembly.instruction,You are at the assembly point. What next?,आप असेंबली पॉइंट पर हैं। अब क्या करेंगे?,ᱟᱢ ᱡᱟᱨᱣᱟ ᱴᱷᱟᱶ (assembly point) ᱨᱮ ᱢᱮᱱᱟᱢᱟ᱾ ᱛᱟᱭᱚᱢ ᱪᱮᱫ?,
fire01.assembly.audio,You reached the assembly point. What do you do now?,आप असेंबली पॉइंट पर पहुँच गए। अब आप क्या करेंगे?,ᱟᱢ ᱡᱟᱨᱣᱟ ᱴᱷᱟᱶ (assembly point) ᱨᱮ ᱥᱮᱴᱮᱨ ᱮᱱᱟᱢ᱾ ᱱᱤᱛᱚᱜ ᱟᱢ ᱪᱮᱫ ᱠᱟᱹᱢᱤᱭᱟᱢ?,
fire01.assembly.option.report_headcount,Report to the supervisor for headcount,गिनती के लिए सुपरवाइज़र को रिपोर्ट करें,ᱦᱚᱲ ᱞᱮᱠᱷᱟ ᱞᱟᱹᱜᱤᱫ ᱥᱩᱯᱚᱨᱵᱟᱭᱡᱚᱨ ᱴᱷᱮᱱ ᱞᱟᱹᱭᱢᱮ,
fire01.assembly.option.go_back_inside,Go back inside,वापस अंदर जाएँ,ᱟᱨᱦᱚᱸ ᱵᱷᱤᱛᱤᱨ ᱨᱩᱣᱟᱹᱲ ᱥᱮᱱᱚᱜᱢᱮ,
fire01.assembly.option.leave_site,Leave the site,साइट छोड़कर चले जाएँ,ᱥᱟᱭᱤᱴ ᱵᱟᱹᱜᱤ ᱠᱟᱛᱮ ᱪᱟᱞᱟᱜᱢᱮ,
fire01.rule.alarm_before_fight,Raise the alarm before you fight the fire.,आग बुझाने से पहले अलार्म बजाएँ।,ᱥᱮᱸᱜᱮᱞ ᱥᱟᱶ ᱞᱚᱲᱟᱹᱭ ᱞᱟᱦᱟ ᱨᱮ ᱮᱞᱟᱨᱢ ᱵᱟᱡᱟᱣᱢᱮ᱾,
fire01.rule.alarm_fast,Raise the alarm quickly.,जल्दी अलार्म बजाएँ।,ᱡᱚᱞᱫᱤ ᱮᱞᱟᱨᱢ ᱵᱟᱡᱟᱣᱢᱮ᱾,
fire01.rule.exit_found,Find the nearest exit.,सबसे पास का निकास ढूँढें।,ᱥᱟᱱᱟᱢ ᱠᱷᱚᱱ ᱥᱚᱨ ᱚᱰᱚᱜ ᱦᱚᱨ ᱯᱟᱱᱛᱮᱭᱢᱮ᱾,
fire01.rule.right_extinguisher,Pick an extinguisher that suits the fire.,आग के हिसाब से सही अग्निशामक चुनें।,ᱥᱮᱸᱜᱮᱞ ᱞᱮᱠᱟ ᱴᱷᱤᱠ extinguisher ᱵᱟᱪᱷᱟᱣᱢᱮ᱾,
fire01.rule.right_extinguisher.correct,Right choice: this extinguisher suits this fire.,सही चुनाव: यह अग्निशामक इस आग के लिए सही है।,ᱴᱷᱤᱠ ᱵᱟᱪᱷᱟᱣ: ᱱᱚᱶᱟ extinguisher ᱱᱚᱶᱟ ᱥᱮᱸᱜᱮᱞ ᱞᱟᱹᱜᱤᱫ ᱴᱷᱤᱠ ᱠᱟᱱᱟ᱾,
fire01.rule.right_extinguisher.water_on_oil,Never use water on an oil fire: it spreads the burning oil. Use DCP or CO2.,तेल की आग पर कभी पानी न डालें: इससे जलता हुआ तेल फैलता है। DCP या CO2 इस्तेमाल करें।,ᱥᱩᱱᱩᱢ ᱥᱮᱸᱜᱮᱞ ᱨᱮ ᱡᱟᱦᱟᱸ ᱚᱠᱛᱚ ᱦᱚᱸ ᱫᱟᱜ ᱟᱞᱚᱢ ᱵᱮᱵᱷᱟᱨᱟ: ᱫᱟᱜ ᱞᱚᱜ ᱠᱟᱱ ᱥᱩᱱᱩᱢ ᱯᱟᱥᱱᱟᱣᱟ᱾ DCP ᱥᱮ CO2 ᱵᱮᱵᱷᱟᱨᱢᱮ᱾,
fire01.rule.right_extinguisher.co2_on_ordinary,"CO2 does not work well on burning wood, paper or cloth: the fire can flare up again. Use water or DCP.","CO2 जलती लकड़ी, कागज़ या कपड़े पर ठीक से काम नहीं करता: आग फिर भड़क सकती है। पानी या DCP इस्तेमाल करें।","ᱞᱚᱜ ᱠᱟᱱ ᱥᱟᱹᱱ, ᱠᱟᱜᱚᱡ ᱥᱮ ᱞᱩᱜᱲᱤ ᱨᱮ CO2 ᱵᱮᱥ ᱛᱮ ᱵᱟᱝ ᱠᱟᱹᱢᱤᱭᱟ: ᱥᱮᱸᱜᱮᱞ ᱟᱨᱦᱚᱸ ᱞᱚᱜ ᱫᱟᱲᱮᱭᱟᱜᱼᱟ᱾ ᱫᱟᱜ ᱥᱮ DCP ᱵᱮᱵᱷᱟᱨᱢᱮ᱾",
fire01.rule.exit_behind,Keep the exit behind you while you fight a fire.,आग बुझाते समय निकास को अपने पीछे रखें।,ᱥᱮᱸᱜᱮᱞ ᱥᱟᱶ ᱞᱚᱲᱟᱹᱭ ᱚᱠᱛᱚ ᱨᱮ ᱚᱰᱚᱜ ᱦᱚᱨ ᱟᱢ ᱛᱟᱭᱚᱢ ᱨᱮ ᱫᱚᱦᱚᱭᱢᱮ᱾,
fire01.rule.aim_base,"Pull the pin first, aim at the base of the fire and sweep side to side.","पहले पिन खींचें, आग की जड़ पर निशाना लगाएँ और दाएँ-बाएँ घुमाएँ।","ᱯᱟᱹᱦᱤᱞ ᱯᱤᱱ ᱚᱨᱢᱮ, ᱥᱮᱸᱜᱮᱞ ᱨᱮᱭᱟᱜ ᱞᱟᱛᱟᱨ ᱦᱟᱹᱴᱤᱧ ᱥᱮᱫ ᱫᱚᱦᱚᱭᱢᱮ ᱟᱨ ᱞᱮᱸᱜᱟ-ᱡᱚᱡᱚᱢ ᱜᱷᱩᱢᱟᱹᱣᱢᱮ᱾",
fire01.rule.evacuate_decision,"If the fire spreads, evacuate and alert others.",आग फैले तो बाहर निकलें और दूसरों को सावधान करें।,ᱥᱮᱸᱜᱮᱞ ᱯᱟᱥᱱᱟᱣ ᱠᱷᱟᱱ ᱵᱟᱦᱨᱮ ᱚᱰᱚᱜᱢᱮ ᱟᱨ ᱮᱴᱟᱜ ᱦᱚᱲᱠᱚ ᱠᱷᱚᱵᱚᱨ ᱮᱢᱟᱠᱚᱢᱮ᱾,
fire01.rule.evacuate_time,Evacuate quickly along the marked route.,तय रास्ते से जल्दी बाहर निकलें।,ᱪᱤᱱᱦᱟᱹ ᱦᱚᱨ ᱛᱮ ᱡᱚᱞᱫᱤ ᱵᱟᱦᱨᱮ ᱚᱰᱚᱜᱢᱮ᱾,
fire01.rule.assembly_report,Report to your supervisor at the assembly point.,असेंबली पॉइंट पर अपने सुपरवाइज़र को रिपोर्ट करें।,ᱡᱟᱨᱣᱟ ᱴᱷᱟᱶ (assembly point) ᱨᱮ ᱟᱢᱟᱜ ᱥᱩᱯᱚᱨᱵᱟᱭᱡᱚᱨ ᱴᱷᱮᱱ ᱞᱟᱹᱭᱢᱮ᱾,
gas01.title,Gas leak and confined space,गैस रिसाव और बंद जगह,ᱜᱮᱥ ᱞᱤᱠ ᱟᱨ ᱵᱚᱸᱫ ᱴᱷᱟᱶ,
gas01.brief.instruction,You and your buddy will work in a confined area.,आप और आपका साथी एक बंद जगह में काम करेंगे।,ᱟᱢ ᱟᱨ ᱟᱢᱟᱜ ᱜᱟᱛᱮ ᱢᱤᱫ ᱵᱚᱸᱫ ᱴᱷᱟᱶ ᱨᱮ ᱠᱟᱹᱢᱤᱭᱟᱵᱮᱱ᱾,
gas01.brief.audio,You and your buddy are about to enter a confined work area.,आप और आपका साथी एक बंद कार्य-स्थल में जाने वाले हैं।,ᱟᱢ ᱟᱨ ᱟᱢᱟᱜ ᱜᱟᱛᱮ ᱢᱤᱫ ᱵᱚᱸᱫ ᱠᱟᱹᱢᱤ ᱴᱷᱟᱶ ᱨᱮ ᱵᱚᱞᱚᱜ ᱞᱟᱹᱜᱤᱫ ᱛᱮᱭᱟᱨ ᱢᱮᱱᱟᱵᱮᱱ᱾,
gas01.place_area.instruction,Tap the floor to place the work area.,काम की जगह रखने के लिए फ़र्श को छुएँ।,ᱠᱟᱹᱢᱤ ᱴᱷᱟᱶ ᱫᱚᱦᱚ ᱞᱟᱹᱜᱤᱫ ᱚᱛᱮ ᱴᱤᱯᱟᱹᱣᱢᱮ᱾,
gas01.place_area.audio,Point your camera at the floor. Tap to place the work area.,कैमरा फ़र्श की ओर करें। काम की जगह रखने के लिए छुएँ।,ᱠᱮᱢᱮᱨᱟ ᱚᱛᱮ ᱥᱮᱫ ᱫᱚᱦᱚᱭᱢᱮ᱾ ᱠᱟᱹᱢᱤ ᱴᱷᱟᱶ ᱫᱚᱦᱚ ᱞᱟᱹᱜᱤᱫ ᱴᱤᱯᱟᱹᱣᱢᱮ᱾,
gas01.ppe.instruction,Pick the equipment you need before you go in.,अंदर जाने से पहले ज़रूरी उपकरण चुनें।,ᱵᱷᱤᱛᱤᱨ ᱵᱚᱞᱚᱜ ᱞᱟᱦᱟ ᱨᱮ ᱞᱟᱹᱠᱛᱤ ᱡᱤᱱᱤᱥ ᱠᱚ ᱵᱟᱪᱷᱟᱣᱢᱮ᱾,
gas01.ppe.audio,Pick everything you need to take in. Then press Done.,अंदर ले जाने के लिए ज़रूरी सब कुछ चुनें। फिर हो गया दबाएँ।,ᱵᱷᱤᱛᱤᱨ ᱤᱫᱤ ᱞᱟᱹᱜᱤᱫ ᱞᱟᱹᱠᱛᱤ ᱥᱟᱱᱟᱢ ᱡᱤᱱᱤᱥ ᱵᱟᱪᱷᱟᱣᱢᱮ᱾ ᱛᱟᱭᱚᱢ ᱪᱟᱵᱟ ᱴᱤᱯᱟᱹᱣᱢᱮ᱾,
gas01.ppe.option.self_rescuer,Self-rescuer,सेल्फ़-रेस्क्यूअर,Self-rescuer,
gas01.ppe.option.gas_detector,Gas detector,गैस डिटेक्टर,Gas detector,
gas01.ppe.option.helmet_cap_lamp,Helmet with cap lamp,कैप लैंप वाला हेलमेट,Cap lamp ᱥᱟᱶ helmet,
gas01.ppe.option.dust_mask,Dust mask,धूल का मास्क,ᱫᱷᱩᱲᱤ ᱢᱟᱥᱠ,
gas01.ppe.option.matches_lighter,Matches or lighter,माचिस या लाइटर,ᱢᱟᱪᱤᱥ ᱥᱮ ᱞᱟᱭᱴᱟᱨ,
gas01.buddy_check.instruction,Check your buddy. Tap each item.,अपने साथी की जाँच करें। हर चीज़ को छुएँ।,ᱟᱢᱟᱜ ᱜᱟᱛᱮ ᱡᱟᱸᱪᱢᱮ᱾ ᱢᱤᱫ ᱢᱤᱫ ᱡᱤᱱᱤᱥ ᱴᱤᱯᱟᱹᱣᱢᱮ᱾,
gas01.buddy_check.audio,Check your buddy before you go in. Tap each item.,अंदर जाने से पहले अपने साथी की जाँच करें। हर चीज़ को छुएँ।,ᱵᱷᱤᱛᱤᱨ ᱵᱚᱞᱚᱜ ᱞᱟᱦᱟ ᱨᱮ ᱟᱢᱟᱜ ᱜᱟᱛᱮ ᱡᱟᱸᱪᱢᱮ᱾ ᱢᱤᱫ ᱢᱤᱫ ᱡᱤᱱᱤᱥ ᱴᱤᱯᱟᱹᱣᱢᱮ᱾,
gas01.buddy_check.option.detector_on,Gas detector is on,गैस डिटेक्टर चालू है,Gas detector ᱪᱟᱹᱞᱩ ᱢᱮᱱᱟᱜᱼᱟ,
gas01.buddy_check.option.self_rescuer_carried,Self-rescuer is carried,सेल्फ़-रेस्क्यूअर साथ में है,Self-rescuer ᱥᱟᱶ ᱨᱮ ᱢᱮᱱᱟᱜᱼᱟ,
gas01.buddy_check.option.lamp_working,Cap lamp is working,कैप लैंप काम कर रहा है,Cap lamp ᱴᱷᱤᱠ ᱛᱮ ᱠᱟᱹᱢᱤ ᱠᱟᱱᱟ,
gas01.buddy_check.option.hand_signals_agreed,Hand signals are agreed,हाथ के इशारे तय हैं,ᱛᱤ ᱤᱥᱟᱨᱟ ᱴᱷᱤᱠ ᱟᱠᱟᱱᱟ,
gas01.detect.instruction,Walk toward the area. Watch the gas detector.,उस जगह की ओर चलें। गैस डिटेक्टर देखते रहें।,ᱴᱷᱟᱶ ᱥᱮᱫ ᱥᱮᱱᱚᱜᱢᱮ᱾ Gas detector ᱧᱮᱞ ᱛᱟᱦᱮᱸᱱᱢᱮ᱾,
gas01.detect.audio,Walk toward the area and watch the gas detector reading.,उस जगह की ओर चलें और गैस डिटेक्टर की रीडिंग देखते रहें।,ᱴᱷᱟᱶ ᱥᱮᱫ ᱥᱮᱱᱚᱜᱢᱮ ᱟᱨ gas detector ᱨᱮᱭᱟᱜ ᱨᱤᱰᱤᱝ ᱧᱮᱞ ᱛᱟᱦᱮᱸᱱᱢᱮ᱾,
gas01.mark_zone.instruction,Place cones where the detector reaches alert level.,"जहाँ डिटेक्टर अलर्ट स्तर पर पहुँचे, वहाँ कोन रखें।","ᱚᱠᱟᱨᱮ detector ᱦᱩᱥᱤᱭᱟᱹᱨ ᱞᱮᱵᱷᱮᱞ ᱦᱟᱹᱵᱤᱡ ᱥᱮᱴᱮᱨᱚᱜᱼᱟ, ᱩᱱᱰᱮ ᱠᱳᱱ ᱫᱚᱦᱚᱭᱢᱮ᱾",
gas01.mark_zone.audio,The detector shows alert level here. Tap the floor to place cones.,डिटेक्टर यहाँ अलर्ट स्तर दिखा रहा है। कोन रखने के लिए फ़र्श को छुएँ।,ᱱᱚᱸᱰᱮ detector ᱦᱩᱥᱤᱭᱟᱹᱨ ᱞᱮᱵᱷᱮᱞ ᱩᱫᱩᱜ ᱮᱫᱟ᱾ ᱠᱳᱱ ᱫᱚᱦᱚ ᱞᱟᱹᱜᱤᱫ ᱚᱛᱮ ᱴᱤᱯᱟᱹᱣᱢᱮ᱾,
gas01.ignition_trap.instruction,Should you switch on the fan or light here?,क्या आपको यहाँ पंखा या लाइट चालू करनी चाहिए?,ᱱᱚᱸᱰᱮ ᱯᱚᱸᱠᱷᱟ ᱥᱮ ᱢᱟᱨᱥᱟᱞ ᱪᱟᱹᱞᱩ ᱞᱟᱹᱠᱛᱤ ᱥᱮ ᱵᱟᱝ?,
gas01.ignition_trap.audio,Should you switch on the fan or the light here?,क्या आपको यहाँ पंखा या लाइट चालू करनी चाहिए?,ᱟᱢ ᱱᱚᱸᱰᱮ ᱯᱚᱸᱠᱷᱟ ᱥᱮ ᱢᱟᱨᱥᱟᱞ ᱪᱟᱹᱞᱩ ᱞᱟᱹᱠᱛᱤ ᱥᱮ ᱵᱟᱝ?,
gas01.ignition_trap.option.operate_switch,Operate the switch,स्विच चलाएँ,ᱥᱩᱭᱤᱪ ᱪᱟᱞᱟᱣᱢᱮ,
gas01.ignition_trap.option.do_not_touch,Do not touch it and move away,उसे न छुएँ और दूर हट जाएँ,"ᱛᱤ ᱟᱞᱚᱢ ᱞᱟᱜᱟᱣᱟ, ᱥᱟᱝᱜᱤᱧ ᱥᱮᱱᱚᱜᱢᱮ",
gas01.self_rescuer.instruction,The detector shows danger level. What do you do?,डिटेक्टर खतरे का स्तर दिखा रहा है। आप क्या करेंगे?,Detector ᱠᱷᱟᱛᱚᱨᱟ ᱞᱮᱵᱷᱮᱞ ᱩᱫᱩᱜ ᱮᱫᱟ᱾ ᱟᱢ ᱪᱮᱫ ᱠᱟᱹᱢᱤᱭᱟᱢ?,
gas01.self_rescuer.audio,The detector shows danger level. What do you do now?,डिटेक्टर खतरे का स्तर दिखा रहा है। अब आप क्या करेंगे?,Detector ᱠᱷᱟᱛᱚᱨᱟ ᱞᱮᱵᱷᱮᱞ ᱩᱫᱩᱜ ᱮᱫᱟ᱾ ᱱᱤᱛᱚᱜ ᱟᱢ ᱪᱮᱫ ᱠᱟᱹᱢᱤᱭᱟᱢ?,
gas01.self_rescuer.option.don_now,Put on the self-rescuer now,अभी सेल्फ़-रेस्क्यूअर पहन लें,ᱱᱤᱛᱚᱜ ᱜᱮ self-rescuer ᱞᱟᱜᱟᱣᱢᱮ,
gas01.self_rescuer.option.continue_without,Continue without it,उसके बिना आगे बढ़ें,ᱚᱱᱟ ᱵᱮᱜᱚᱨ ᱞᱟᱦᱟ ᱥᱮᱱᱚᱜᱢᱮ,
gas01.enter_or_retreat.instruction,There is gas in the area. What do you do?,इस जगह में गैस है। आप क्या करेंगे?,ᱴᱷᱟᱶ ᱨᱮ ᱜᱮᱥ ᱢᱮᱱᱟᱜᱼᱟ᱾ ᱟᱢ ᱪᱮᱫ ᱠᱟᱹᱢᱤᱭᱟᱢ?,
gas01.enter_or_retreat.audio,There is gas in the area. What do you do now?,इस जगह में गैस है। अब आप क्या करेंगे?,ᱴᱷᱟᱶ ᱨᱮ ᱜᱮᱥ ᱢᱮᱱᱟᱜᱼᱟ᱾ ᱱᱤᱛᱚᱜ ᱟᱢ ᱪᱮᱫ ᱠᱟᱹᱢᱤᱭᱟᱢ?,
gas01.enter_or_retreat.option.retreat_signal,Retreat to fresh air and signal your buddy,ताज़ी हवा में लौटें और साथी को इशारा करें,ᱥᱟᱯᱷᱟ ᱦᱚᱭ ᱴᱷᱟᱶ ᱛᱮ ᱨᱩᱣᱟᱹᱲᱢᱮ ᱟᱨ ᱜᱟᱛᱮ ᱤᱥᱟᱨᱟ ᱮᱢᱟᱭᱢᱮ,
gas01.enter_or_retreat.option.enter_alone,Enter alone to fix it quickly,जल्दी ठीक करने के लिए अकेले अंदर जाएँ,ᱡᱚᱞᱫᱤ ᱴᱷᱤᱠᱟᱹᱣ ᱞᱟᱹᱜᱤᱫ ᱮᱥᱠᱟᱨ ᱵᱷᱤᱛᱤᱨ ᱵᱚᱞᱚᱜᱢᱮ,
gas01.enter_or_retreat.option.hold_breath,Hold your breath and continue,साँस रोककर आगे बढ़ें,ᱥᱟᱸᱥ ᱥᱟᱵ ᱠᱟᱛᱮ ᱞᱟᱦᱟ ᱥᱮᱱᱚᱜᱢᱮ,
gas01.retreat.instruction,Move to the fresh-air point with your buddy.,अपने साथी के साथ ताज़ी हवा वाली जगह पर जाएँ।,ᱟᱢᱟᱜ ᱜᱟᱛᱮ ᱥᱟᱶ ᱥᱟᱯᱷᱟ ᱦᱚᱭ ᱴᱷᱟᱶ ᱛᱮ ᱥᱮᱱᱚᱜᱢᱮ᱾,
gas01.retreat.audio,Go to the fresh-air point now. Take your buddy with you.,अभी ताज़ी हवा वाली जगह पर जाएँ। अपने साथी को साथ ले जाएँ।,ᱱᱤᱛᱚᱜ ᱥᱟᱯᱷᱟ ᱦᱚᱭ ᱴᱷᱟᱶ ᱛᱮ ᱥᱮᱱᱚᱜᱢᱮ᱾ ᱟᱢᱟᱜ ᱜᱟᱛᱮ ᱦᱚᱸ ᱥᱟᱶ ᱤᱫᱤᱭᱮᱢᱮ᱾,
gas01.report.instruction,You are in fresh air. What do you do next?,आप ताज़ी हवा में हैं। आगे क्या करेंगे?,ᱟᱢ ᱥᱟᱯᱷᱟ ᱦᱚᱭ ᱨᱮ ᱢᱮᱱᱟᱢᱟ᱾ ᱛᱟᱭᱚᱢ ᱪᱮᱫ ᱠᱟᱹᱢᱤᱭᱟᱢ?,
gas01.report.audio,You and your buddy are in fresh air. What do you do next?,आप और आपका साथी ताज़ी हवा में हैं। आगे आप क्या करेंगे?,ᱟᱢ ᱟᱨ ᱟᱢᱟᱜ ᱜᱟᱛᱮ ᱥᱟᱯᱷᱟ ᱦᱚᱭ ᱨᱮ ᱢᱮᱱᱟᱵᱮᱱ᱾ ᱛᱟᱭᱚᱢ ᱪᱮᱫ ᱠᱟᱹᱢᱤᱭᱟᱢ?,
gas01.report.option.report_barricade,Report it and keep the area barricaded,रिपोर्ट करें और जगह को घेरकर रखें,ᱠᱷᱚᱵᱚᱨ ᱞᱟᱹᱭᱢᱮ ᱟᱨ ᱴᱷᱟᱶ ᱜᱷᱮᱨᱟᱣ ᱠᱟᱛᱮ ᱫᱚᱦᱚᱭᱢᱮ,
gas01.report.option.reenter_after_5min,Go back in after 5 minutes,5 मिनट बाद फिर अंदर जाएँ,5 ᱢᱤᱱᱤᱴ ᱛᱟᱭᱚᱢ ᱟᱨᱦᱚᱸ ᱵᱷᱤᱛᱤᱨ ᱵᱚᱞᱚᱜᱢᱮ,
gas01.report.option.tell_no_one,Tell no one,किसी को न बताएँ,ᱡᱟᱦᱟᱸᱭ ᱦᱚᱸ ᱟᱞᱚᱢ ᱞᱟᱹᱭᱟ,
gas01.rule.ppe,"Take a self-rescuer, gas detector and cap lamp. Never carry matches.","सेल्फ़-रेस्क्यूअर, गैस डिटेक्टर और कैप लैंप साथ लें। माचिस कभी न ले जाएँ।","Self-rescuer, gas detector ᱟᱨ cap lamp ᱤᱫᱤᱭᱢᱮ᱾ ᱢᱟᱪᱤᱥ ᱡᱟᱦᱟᱸ ᱚᱠᱛᱚ ᱦᱚᱸ ᱟᱞᱚᱢ ᱤᱫᱤᱭᱟ᱾",
gas01.rule.buddy_check,Check all four items on your buddy.,अपने साथी की चारों चीज़ें जाँचें।,ᱟᱢᱟᱜ ᱜᱟᱛᱮ ᱨᱮᱭᱟᱜ ᱥᱟᱱᱟᱢ 4 ᱡᱤᱱᱤᱥ ᱡᱟᱸᱪᱢᱮ᱾,
gas01.rule.zone_accuracy,Mark the zone where the detector reaches alert level.,"जहाँ डिटेक्टर अलर्ट स्तर पर पहुँचे, वहाँ तक की जगह चिह्नित करें।","ᱚᱠᱟᱨᱮ detector ᱦᱩᱥᱤᱭᱟᱹᱨ ᱞᱮᱵᱷᱮᱞ ᱦᱟᱹᱵᱤᱡ ᱥᱮᱴᱮᱨᱚᱜᱼᱟ, ᱚᱱᱟ ᱴᱷᱟᱶ ᱪᱤᱱᱦᱟᱹᱣᱢᱮ᱾",
gas01.rule.no_ignition,Never operate a switch near a gas leak.,गैस रिसाव के पास कभी कोई स्विच न चलाएँ।,ᱜᱮᱥ ᱞᱤᱠ ᱥᱚᱨ ᱨᱮ ᱡᱟᱦᱟᱸ ᱚᱠᱛᱚ ᱦᱚᱸ ᱥᱩᱭᱤᱪ ᱟᱞᱚᱢ ᱪᱟᱞᱟᱣᱟ᱾,
gas01.rule.self_rescuer,"At danger level, put on your self-rescuer at once.",खतरे के स्तर पर तुरंत अपना सेल्फ़-रेस्क्यूअर पहनें।,ᱠᱷᱟᱛᱚᱨᱟ ᱞᱮᱵᱷᱮᱞ ᱨᱮ ᱛᱩᱨᱩᱫ ᱟᱢᱟᱜ self-rescuer ᱞᱟᱜᱟᱣᱢᱮ᱾,
gas01.rule.order_rescuer_retreat,Put on the self-rescuer before you retreat.,पीछे हटने से पहले सेल्फ़-रेस्क्यूअर पहनें।,ᱨᱩᱣᱟᱹᱲ ᱞᱟᱦᱟ ᱨᱮ self-rescuer ᱞᱟᱜᱟᱣᱢᱮ᱾,
gas01.rule.retreat_decision,Retreat to fresh air and signal your buddy. Never enter alone.,ताज़ी हवा में लौटें और साथी को इशारा करें। कभी अकेले अंदर न जाएँ।,ᱥᱟᱯᱷᱟ ᱦᱚᱭ ᱴᱷᱟᱶ ᱛᱮ ᱨᱩᱣᱟᱹᱲᱢᱮ ᱟᱨ ᱜᱟᱛᱮ ᱤᱥᱟᱨᱟ ᱮᱢᱟᱭᱢᱮ᱾ ᱡᱟᱦᱟᱸ ᱚᱠᱛᱚ ᱦᱚᱸ ᱮᱥᱠᱟᱨ ᱟᱞᱚᱢ ᱵᱚᱞᱚᱜᱼᱟ᱾,
gas01.rule.retreat_time,Retreat to fresh air quickly.,जल्दी ताज़ी हवा में लौटें।,ᱡᱚᱞᱫᱤ ᱥᱟᱯᱷᱟ ᱦᱚᱭ ᱴᱷᱟᱶ ᱛᱮ ᱨᱩᱣᱟᱹᱲᱢᱮ᱾,
gas01.rule.report,Report the leak and keep the area barricaded.,रिसाव की रिपोर्ट करें और जगह को घेरकर रखें।,ᱜᱮᱥ ᱞᱤᱠ ᱨᱮᱭᱟᱜ ᱠᱷᱚᱵᱚᱨ ᱞᱟᱹᱭᱢᱮ ᱟᱨ ᱴᱷᱟᱶ ᱜᱷᱮᱨᱟᱣ ᱠᱟᱛᱮ ᱫᱚᱦᱚᱭᱢᱮ᱾,
app.title,Suraksha Saathi,सुरक्षा साथी,ᱥᱩᱨᱚᱠᱷᱟ ᱥᱟᱛᱷᱤ,
lang.sat,ᱥᱟᱱᱛᱟᱲᱤ (Santali),ᱥᱟᱱᱛᱟᱲᱤ (Santali),ᱥᱟᱱᱛᱟᱲᱤ (Santali),
setup.title,Set up this device,इस डिवाइस को सेट करें,ᱱᱚᱶᱟ ᱰᱤᱵᱟᱭᱤᱥ ᱥᱮᱴᱢᱮ,
setup.site_code.label,Site code,साइट कोड,ᱥᱟᱭᱤᱴ ᱠᱳᱰ,
setup.site_code.hint,"The code of this site, for example DHN-01.","इस साइट का कोड, जैसे DHN-01।","ᱱᱚᱶᱟ ᱥᱟᱭᱤᱴ ᱨᱮᱭᱟᱜ ᱠᱳᱰ, ᱡᱮᱢᱚᱱ DHN-01᱾",
setup.site_code.invalid,"Use 2 to 16 capital letters, digits or dashes.","2 से 16 बड़े अक्षर, अंक या डैश लिखें।","2 ᱠᱷᱚᱱ 16 ᱦᱟᱹᱵᱤᱡ ᱢᱟᱨᱟᱝ ᱟᱠᱷᱚᱨ (A-Z), ᱮᱞ (0-9) ᱥᱮ ᱰᱮᱥ (-) ᱚᱞᱢᱮ᱾",
setup.save.button,Save,सेव करें,ᱥᱮᱵᱢᱮ,
home.workers.title,Workers,कामगार,ᱠᱟᱹᱢᱤᱭᱟᱹ ᱠᱚ,
home.workers.empty,No workers yet. Enrol the first worker.,अभी कोई कामगार नहीं है। पहले कामगार को जोड़ें।,ᱱᱤᱛᱚᱜ ᱦᱟᱹᱵᱤᱡ ᱡᱟᱦᱟᱸᱭ ᱠᱟᱹᱢᱤᱭᱟᱹ ᱵᱟᱹᱱᱩᱜᱼᱟ᱾ ᱯᱟᱹᱦᱤᱞ ᱠᱟᱹᱢᱤᱭᱟᱹ ᱥᱮᱞᱮᱫᱢᱮ᱾,
home.enrol.button,Enrol worker,कामगार जोड़ें,ᱠᱟᱹᱢᱤᱭᱟᱹ ᱥᱮᱞᱮᱫᱢᱮ,
home.verify.button,Verify a certificate,प्रमाणपत्र जाँचें,ᱥᱚᱨᱴᱤᱯᱷᱤᱠᱮᱴ ᱡᱟᱸᱪᱢᱮ,
home.site.label,Site {{site}},साइट {{site}},ᱥᱟᱭᱤᱴ {{site}},
home.pending_sync.label,{{count}} records waiting to sync,{{count}} रिकॉर्ड सिंक होने बाकी,{{count}} ᱨᱮᱠᱚᱨᱰ ᱥᱤᱸᱠ ᱞᱟᱹᱜᱤᱫ ᱛᱟᱹᱝᱜᱤ ᱠᱟᱱᱟ,
enrol.title,Enrol worker,कामगार जोड़ें,ᱠᱟᱹᱢᱤᱭᱟᱹ ᱥᱮᱞᱮᱫ,
enrol.name.label,Name,नाम,ᱧᱩᱛᱩᱢ,
enrol.name.hint,Up to 24 letters. It is printed on the certificate.,24 अक्षर तक। यह प्रमाणपत्र पर छपेगा।,24 ᱟᱠᱷᱚᱨ ᱦᱟᱹᱵᱤᱡ᱾ ᱱᱚᱶᱟ ᱥᱚᱨᱴᱤᱯᱷᱤᱠᱮᱴ ᱨᱮ ᱪᱷᱟᱯᱟᱣᱚᱜᱼᱟ᱾,
enrol.name.required,Enter the worker's name.,कामगार का नाम लिखें।,ᱠᱟᱹᱢᱤᱭᱟᱹ ᱨᱮᱭᱟᱜ ᱧᱩᱛᱩᱢ ᱚᱞᱢᱮ᱾,
enrol.employee_code.label,Employee code (optional),कर्मचारी कोड (ज़रूरी नहीं),ᱠᱚᱨᱢᱚᱪᱟᱨᱤ ᱠᱳᱰ (ᱡᱚᱨᱩᱨᱤ ᱵᱟᱝ),
enrol.language.label,Preferred language,पसंदीदा भाषा,ᱠᱩᱥᱤ ᱯᱟᱹᱨᱥᱤ,
enrol.save.button,Enrol,जोड़ें,ᱥᱮᱞᱮᱫᱢᱮ,
worker.attempts.title,Attempts,प्रयास,ᱠᱩᱨᱩᱢᱩᱴᱩ ᱠᱚ,
worker.attempts.empty,No attempts yet.,अभी कोई प्रयास नहीं।,ᱱᱤᱛᱚᱜ ᱦᱟᱹᱵᱤᱡ ᱡᱟᱦᱟᱱᱟᱜ ᱠᱩᱨᱩᱢᱩᱴᱩ ᱵᱟᱹᱱᱩᱜᱼᱟ᱾,
worker.train.button,Start: {{module}},शुरू करें: {{module}},ᱮᱦᱚᱵᱢᱮ: {{module}},
worker.certificate.button,Certificate,प्रमाणपत्र,ᱥᱚᱨᱴᱤᱯᱷᱤᱠᱮᱴ,
attempt.pass.label,PASS,पास,ᱯᱟᱥ,
attempt.not_yet.label,NOT YET,अभी नहीं,ᱱᱤᱛᱚᱜ ᱵᱟᱝ,
worker.modules.title,Training modules,प्रशिक्षण मॉड्यूल,ᱴᱨᱮᱱᱤᱝ ᱢᱳᱰᱭᱩᱞ ᱠᱚ,
training.replay.button,Replay,फिर सुनें,ᱟᱨᱦᱚᱸ ᱟᱧᱡᱚᱢ,
training.exit_behind.ok,Exit behind you ✓,निकास आपके पीछे है ✓,ᱚᱰᱚᱜ ᱦᱚᱨ ᱟᱢ ᱛᱟᱭᱚᱢ ᱨᱮ ✓,
training.exit_behind.turn,Turn — keep the exit behind you,मुड़ें — निकास को अपने पीछे रखें,ᱜᱷᱩᱨᱟᱹᱣᱢᱮ — ᱚᱰᱚᱜ ᱦᱚᱨ ᱛᱟᱭᱚᱢ ᱨᱮ ᱫᱚᱦᱚᱭᱢᱮ,
training.stop.button,Stop,रोकें,ᱵᱚᱸᱫᱢᱮ,
training.continue.button,Continue,आगे बढ़ें,ᱞᱟᱦᱟ ᱥᱮᱱᱚᱜᱢᱮ,
training.hold.button,Hold to spray,दबाकर रखें और छिड़कें,ᱥᱟᱵ ᱠᱟᱛᱮ ᱪᱷᱤᱴᱟᱹᱣᱢᱮ,
training.held.label,Sprayed {{held}} of {{total}} s,{{total}} में से {{held}} सेकंड छिड़का,{{total}} s ᱠᱷᱚᱱ {{held}} s ᱪᱷᱤᱴᱟᱹᱣ ᱮᱱᱟ,
training.time_left.label,{{seconds}} s,{{seconds}} सेकंड,{{seconds}} s,
training.camera.title,Camera needed,कैमरा चाहिए,ᱠᱮᱢᱮᱨᱟ ᱞᱟᱹᱠᱛᱤ,
training.camera.body,The drill appears on your real floor through the camera.,कैमरे से अभ्यास आपके असली फ़र्श पर दिखेगा।,ᱠᱮᱢᱮᱨᱟ ᱛᱮ ᱴᱨᱮᱱᱤᱝ ᱟᱢᱟᱜ ᱥᱟᱹᱨᱤ ᱚᱛᱮ ᱨᱮ ᱧᱮᱞᱚᱜᱼᱟ᱾,
training.camera.allow.button,Allow camera,कैमरा चालू करें,ᱠᱮᱢᱮᱨᱟ ᱦᱩᱠᱩᱢ ᱮᱢᱢᱮ,
training.camera.skip.button,Train without camera,बिना कैमरे के अभ्यास करें,ᱠᱮᱢᱮᱨᱟ ᱵᱮᱜᱚᱨ ᱴᱨᱮᱱᱤᱝ,
training.tabletop.label,Virtual room: no camera,आभासी कमरा: कैमरा नहीं,ᱪᱤᱛᱟᱹᱨ ᱚᱲᱟᱜ: ᱠᱮᱢᱮᱨᱟ ᱵᱟᱹᱱᱩᱜ,
training.hint.scan_marker,Scan the printed exit sign with the camera.,छपे हुए निकास (EXIT) चिह्न को कैमरे से स्कैन करें।,ᱪᱷᱟᱯᱟ ᱚᱰᱚᱜ ᱦᱚᱨ (EXIT) ᱪᱤᱱᱦᱟᱹ ᱠᱮᱢᱮᱨᱟ ᱛᱮ ᱥᱠᱮᱱᱢᱮ᱾,
training.hint.tap_marker,Turn around and tap the exit sign.,पीछे मुड़ें और निकास चिह्न को छुएँ।,ᱜᱷᱩᱨᱟᱹᱣ ᱠᱟᱛᱮ ᱚᱰᱚᱜ ᱦᱚᱨ ᱪᱤᱱᱦᱟᱹ ᱴᱤᱯᱟᱹᱣᱢᱮ᱾,
training.hint.waypoints,"Tap the yellow mark on the floor. If it is at the screen edge, turn that way.","फ़र्श पर पीले निशान को छुएँ। अगर वह स्क्रीन के किनारे पर है, तो उसी ओर मुड़ें।","ᱚᱛᱮ ᱨᱮᱱᱟᱜ ᱥᱟᱥᱟᱝ ᱪᱤᱱᱦᱟᱹ ᱴᱤᱯᱟᱹᱣᱢᱮ᱾ ᱥᱠᱨᱤᱱ ᱫᱷᱟᱨᱮ ᱨᱮ ᱛᱟᱦᱮᱸᱱ ᱠᱷᱟᱱ, ᱚᱱᱟ ᱥᱮᱫ ᱜᱷᱩᱨᱟᱹᱣᱢᱮ᱾",
training.hint.hold,Press and hold the button to spray.,छिड़कने के लिए बटन दबाकर रखें।,ᱪᱷᱤᱴᱟᱹᱣ ᱞᱟᱹᱜᱤᱫ ᱵᱟᱴᱚᱱ ᱴᱤᱯᱟᱹᱣ ᱠᱟᱛᱮ ᱥᱟᱵᱢᱮ᱾,
training.hint.target,Tap it.,इसे छुएँ।,ᱱᱚᱶᱟ ᱴᱤᱯᱟᱹᱣᱢᱮ᱾,
training.object.alarm_call_point,FIRE ALARM,फ़ायर अलार्म,FIRE ALARM,
training.object.exit_sign,EXIT,निकास,EXIT,
training.detector.label,Gas {{reading}},गैस {{reading}},ᱜᱮᱥ {{reading}},
training.object.entrance,ENTRANCE,प्रवेश द्वार,ᱵᱚᱞᱚᱜ ᱦᱚᱨ,
training.object.leak_source,GAS LEAK,गैस रिसाव,ᱜᱮᱥ ᱞᱤᱠ,
training.done.button,Done,हो गया,ᱪᱟᱵᱟ,
training.hint.choose_many,"Tap everything you need, then tap Done.","जो कुछ चाहिए, उन सबको छुएँ, फिर हो गया दबाएँ।","ᱡᱟᱦᱟᱸ ᱞᱟᱹᱠᱛᱤ, ᱥᱟᱱᱟᱢ ᱴᱤᱯᱟᱹᱣᱢᱮ, ᱛᱟᱭᱚᱢ ᱪᱟᱵᱟ ᱴᱤᱯᱟᱹᱣᱢᱮ᱾",
training.hint.checklist,"Tap each item as you check it, then tap Done.","हर चीज़ जाँचते समय उसे छुएँ, फिर हो गया दबाएँ।","ᱢᱤᱫ ᱢᱤᱫ ᱡᱤᱱᱤᱥ ᱡᱟᱸᱪ ᱠᱟᱛᱮ ᱴᱤᱯᱟᱹᱣᱢᱮ, ᱛᱟᱭᱚᱢ ᱪᱟᱵᱟ ᱴᱤᱯᱟᱹᱣᱢᱮ᱾",
training.hint.mark_zone,Tap the floor to place cones. Tap a cone to remove it.,फ़र्श को छूकर कोन रखें। कोन हटाने के लिए उसे छुएँ।,ᱠᱳᱱ ᱫᱚᱦᱚ ᱞᱟᱹᱜᱤᱫ ᱚᱛᱮ ᱴᱤᱯᱟᱹᱣᱢᱮ᱾ ᱠᱳᱱ ᱦᱟᱹᱛᱟᱹᱣ ᱞᱟᱹᱜᱤᱫ ᱚᱱᱟ ᱴᱤᱯᱟᱹᱣᱢᱮ᱾,
training.cones.label,Cones: {{count}} (at least {{min}}),कोन: {{count}} (कम से कम {{min}}),ᱠᱳᱱ: {{count}} (ᱠᱚᱢ ᱥᱮ ᱠᱚᱢ {{min}}),
training.cone.remove,Remove cone,कोन हटाएँ,ᱠᱳᱱ ᱦᱟᱹᱛᱟᱹᱣᱢᱮ,
training.skip.button,Skip this step (counts as failed),यह चरण छोड़ें (असफल गिना जाएगा),ᱱᱚᱶᱟ ᱫᱷᱟᱯ ᱵᱟᱹᱜᱤᱭᱢᱮ (ᱯᱷᱮᱞ ᱞᱮᱠᱷᱟ ᱦᱩᱭᱩᱜᱼᱟ),
training.saving.label,Saving your result…,आपका परिणाम सेव हो रहा है…,ᱟᱢᱟᱜ ᱯᱷᱚᱞ ᱥᱮᱵ ᱦᱩᱭᱩᱜ ᱠᱟᱱᱟ…,
training.reposition.button,Reposition,फिर से रखें,ᱟᱨᱦᱚᱸ ᱫᱚᱦᱚᱭᱢᱮ,
training.reposition.cancel,Cancel,रद्द करें,ᱨᱩᱣᱟᱹᱲᱢᱮ,
training.reposition.hint,Tap the floor where it should be.,जहाँ होना चाहिए वहाँ फ़र्श को छुएँ।,"ᱚᱠᱟᱨᱮ ᱛᱟᱦᱮᱸᱱ ᱞᱟᱹᱠᱛᱤ, ᱩᱱᱰᱮ ᱚᱛᱮ ᱴᱤᱯᱟᱹᱣᱢᱮ᱾",
training.hint.anchor_marker,Or point the camera at the printed marker on the floor.,या कैमरे को फ़र्श पर रखे छपे मार्कर की ओर करें।,ᱥᱮ ᱚᱛᱮ ᱨᱮᱱᱟᱜ ᱪᱷᱟᱯᱟ ᱢᱟᱨᱠᱟᱨ ᱥᱮᱫ ᱠᱮᱢᱮᱨᱟ ᱫᱚᱦᱚᱭᱢᱮ᱾,
training.extinguisher.pull,Swipe the yellow pin to the right to pull it out.,पीली पिन को दाईं ओर खींचकर बाहर निकालें।,ᱥᱟᱥᱟᱝ ᱯᱤᱱ ᱡᱚᱡᱚᱢ ᱥᱮᱫ ᱜᱷᱤᱥᱨᱟᱹᱣ ᱠᱟᱛᱮ ᱚᱨ ᱚᱰᱚᱠᱢᱮ᱾,
training.extinguisher.aim,"Point the ring at the base of the fire, then press and hold the lever button.","रिंग को आग की जड़ पर रखें, फिर लीवर वाला बटन दबाकर रखें।","ᱨᱤᱝ ᱥᱮᱸᱜᱮᱞ ᱨᱮᱭᱟᱜ ᱞᱟᱛᱟᱨ ᱦᱟᱹᱴᱤᱧ ᱥᱮᱫ ᱫᱚᱦᱚᱭᱢᱮ, ᱛᱟᱭᱚᱢ lever ᱵᱟᱴᱚᱱ ᱴᱤᱯᱟᱹᱣ ᱠᱟᱛᱮ ᱥᱟᱵᱢᱮ᱾",
training.extinguisher.sweep,Sweep side to side across the base.,जड़ पर दाएँ-बाएँ घुमाएँ।,ᱞᱟᱛᱟᱨ ᱦᱟᱹᱴᱤᱧ ᱨᱮ ᱞᱮᱸᱜᱟ-ᱡᱚᱡᱚᱢ ᱜᱷᱩᱢᱟᱹᱣᱢᱮ᱾,
training.extinguisher.too_high,Too high: aim lower at the base of the fire.,बहुत ऊपर: नीचे आग की जड़ पर निशाना लगाएँ।,ᱟᱹᱰᱤ ᱪᱮᱛᱟᱱ: ᱥᱮᱸᱜᱮᱞ ᱨᱮᱭᱟᱜ ᱞᱟᱛᱟᱨ ᱦᱟᱹᱴᱤᱧ ᱥᱮᱫ ᱞᱟᱛᱟᱨ ᱛᱮ ᱫᱚᱦᱚᱭᱢᱮ᱾,
training.extinguisher.missed,Not on the fire: aim at the base.,आग पर नहीं: जड़ पर निशाना लगाएँ।,ᱥᱮᱸᱜᱮᱞ ᱨᱮ ᱵᱟᱝ: ᱞᱟᱛᱟᱨ ᱦᱟᱹᱴᱤᱧ ᱥᱮᱫ ᱫᱚᱦᱚᱭᱢᱮ᱾,
training.extinguisher.locked,Pull the pin first.,पहले पिन खींचें।,ᱯᱟᱹᱦᱤᱞ ᱯᱤᱱ ᱚᱨ ᱚᱰᱚᱠᱢᱮ᱾,
training.extinguisher.pin_tap.button,Tap to pull the pin,पिन निकालने के लिए टैप करें,ᱯᱤᱱ ᱚᱨ ᱞᱟᱹᱜᱤᱫ ᱴᱤᱯᱟᱹᱣᱢᱮ,
training.extinguisher.squeeze.button,Squeeze lever (hold),लीवर दबाएँ (दबाकर रखें),lever ᱪᱟᱯᱟᱣᱢᱮ (ᱥᱟᱵ ᱛᱟᱦᱮᱸᱱᱢᱮ),
training.extinguisher.fire.label,Fire: {{percent}}%,आग: {{percent}}%,ᱥᱮᱸᱜᱮᱞ: {{percent}}%,
training.extinguisher.left.label,Extinguisher: {{seconds}} s left,अग्निशामक: {{seconds}} सेकंड बाकी,Extinguisher: {{seconds}} s ᱵᱟᱧᱪᱟᱣ,
training.extinguisher.pin.label,Safety pin: swipe to pull,सेफ़्टी पिन: खींचने के लिए स्वाइप करें,Safety pin: ᱚᱨ ᱞᱟᱹᱜᱤᱫ ᱜᱷᱤᱥᱨᱟᱹᱣᱢᱮ,
training.extinguisher.outcome.extinguished,The fire is out.,आग बुझ गई।,ᱥᱮᱸᱜᱮᱞ ᱵᱩᱡᱷᱟᱹᱣ ᱮᱱᱟ᱾,
training.extinguisher.outcome.out_of_control,The fire is out of control.,आग काबू से बाहर है।,ᱥᱮᱸᱜᱮᱞ ᱠᱚᱵᱡᱟ ᱠᱷᱚᱱ ᱵᱟᱦᱨᱮ ᱮᱱᱟ᱾,
training.extinguisher.outcome.empty,The extinguisher is empty and the fire is still burning.,अग्निशामक खाली हो गया और आग अभी भी जल रही है।,Extinguisher ᱠᱷᱟᱹᱞᱤ ᱮᱱᱟ ᱟᱨ ᱥᱮᱸᱜᱮᱞ ᱱᱤᱛᱚᱜ ᱦᱚᱸ ᱞᱚᱜ ᱠᱟᱱᱟ᱾,
training.extinguisher.outcome.wrong_agent,This extinguisher is not putting this fire out.,यह अग्निशामक इस आग को नहीं बुझा रहा है।,ᱱᱚᱶᱟ extinguisher ᱛᱮ ᱱᱚᱶᱟ ᱥᱮᱸᱜᱮᱞ ᱵᱟᱝ ᱵᱩᱡᱷᱟᱹᱣᱚᱜ ᱠᱟᱱᱟ᱾,
training.anchor.status.marker,MARKER LOCK,मार्कर लॉक,ᱢᱟᱨᱠᱟᱨ ᱞᱚᱠ,
training.anchor.status.sensor,SENSOR,सेंसर,ᱥᱮᱱᱥᱚᱨ,
training.anchor.status.legacy,LEGACY,पुराना तरीका,ᱯᱩᱨᱟᱱᱟ ᱞᱮᱠᱟ,
training.anchor.gyro.yes,gyro ✓,जायरो ✓,ᱡᱟᱭᱨᱚ ✓,
training.anchor.gyro.no,no gyro,जायरो नहीं,ᱡᱟᱭᱨᱚ ᱵᱟᱹᱱᱩᱜ,
training.debug.mode,mode {{mode}} · {{gyro}},मोड {{mode}} · {{gyro}},ᱢᱳᱰ {{mode}} · {{gyro}},
training.debug.fov,FOV {{across}}° × {{down}}° · {{source}} · lens {{lens}}°,FOV {{across}}° × {{down}}° · {{source}} · लेंस {{lens}}°,FOV {{across}}° × {{down}}° · {{source}} · ᱞᱮᱱᱥ {{lens}}°,
training.debug.fov_source.calibrated,calibrated,कैलिब्रेट किया,ᱠᱮᱞᱤᱵᱽᱨᱮᱴ ᱟᱠᱟᱱᱟ,
training.debug.fov_source.default,default (not calibrated),डिफ़ॉल्ट (कैलिब्रेट नहीं),ᱢᱩᱞ (ᱠᱮᱞᱤᱵᱽᱨᱮᱴ ᱵᱟᱝ),
training.debug.view,view {{w}}×{{h}} dp · f {{f}} px,व्यू {{w}}×{{h}} dp · f {{f}} px,ᱣᱭᱩ {{w}}×{{h}} dp · f {{f}} px,
training.debug.filter,filter vs raw sensor {{deg}}°,फ़िल्टर बनाम कच्चा सेंसर {{deg}}°,ᱯᱷᱤᱞᱴᱟᱨ ᱟᱨ ᱠᱟᱸᱪᱟ ᱥᱮᱱᱥᱚᱨ {{deg}}°,
training.debug.frame,sensor frame {{convention}} · gravity check {{deg}}°,सेंसर फ़्रेम {{convention}} · गुरुत्व जाँच {{deg}}°,ᱥᱮᱱᱥᱚᱨ ᱯᱷᱨᱮᱢ {{convention}} · ᱜᱨᱟᱣᱤᱴᱤ ᱡᱟᱸᱪ {{deg}}°,
training.debug.bias,gyro bias {{deg}}°/s,जायरो बायस {{deg}}°/s,ᱡᱟᱭᱨᱚ ᱵᱟᱭᱟᱥ {{deg}}°/s,
training.debug.residual,marker residual {{deg}}°,मार्कर अंतर {{deg}}°,ᱢᱟᱨᱠᱟᱨ ᱯᱷᱟᱨᱟᱠ {{deg}}°,
training.debug.pose,heading {{h}}° elev {{e}}° · {{speed}}°/s,दिशा {{h}}° ऊँचाई {{e}}° · {{speed}}°/s,ᱫᱤᱥᱟ {{h}}° ᱩᱪᱟᱹᱭ {{e}}° · {{speed}}°/s,
result.title,Your result,आपका परिणाम,ᱟᱢᱟᱜ ᱯᱷᱚᱞ,
result.score.label,Score {{score}}%,अंक {{score}}%,ᱱᱚᱢᱵᱚᱨ {{score}}%,
result.threshold.label,Pass mark {{threshold}}%,पास होने के लिए {{threshold}}%,ᱯᱟᱥ ᱱᱚᱢᱵᱚᱨ {{threshold}}%,
result.critical.label,Critical step missed,ज़रूरी कदम छूट गया,ᱡᱚᱨᱩᱨᱤ ᱫᱷᱟᱯ ᱪᱷᱩᱴᱟᱹᱣ ᱮᱱᱟ,
result.rules.title,What you did,आपने क्या किया,ᱟᱢ ᱪᱮᱫ ᱪᱮᱫ ᱠᱮᱫᱟᱢ,
result.tap_to_hear.hint,Tap a row to hear it.,सुनने के लिए किसी पंक्ति को छुएँ।,ᱟᱧᱡᱚᱢ ᱞᱟᱹᱜᱤᱫ ᱢᱤᱫ ᱞᱟᱭᱤᱱ ᱴᱤᱯᱟᱹᱣᱢᱮ᱾,
result.try_again.button,Try again,फिर से करें,ᱟᱨᱦᱚᱸ ᱠᱩᱨᱩᱢᱩᱴᱩᱭᱢᱮ,
result.done.button,Done,हो गया,ᱪᱟᱵᱟ,
result.passed.audio,Well done. You passed.,बहुत अच्छा। आप पास हो गए।,ᱟᱹᱰᱤ ᱵᱮᱥ᱾ ᱟᱢ ᱯᱟᱥ ᱮᱱᱟᱢ᱾,
result.not_yet.audio,Not yet. Tap each red row to hear what to do better.,अभी नहीं। हर लाल पंक्ति को छूकर सुनें कि क्या बेहतर करना है।,"ᱱᱤᱛᱚᱜ ᱵᱟᱝ᱾ ᱪᱮᱫ ᱟᱨᱦᱚᱸ ᱵᱮᱥ ᱛᱮ ᱠᱟᱹᱢᱤ ᱞᱟᱹᱠᱛᱤ, ᱟᱧᱡᱚᱢ ᱞᱟᱹᱜᱤᱫ ᱢᱤᱫ ᱢᱤᱫ ᱟᱨᱟᱜ ᱞᱟᱭᱤᱱ ᱴᱤᱯᱟᱹᱣᱢᱮ᱾",
result.aborted.label,You stopped the drill early.,आपने अभ्यास बीच में रोक दिया।,ᱟᱢ ᱴᱨᱮᱱᱤᱝ ᱛᱟᱞᱟᱨᱮ ᱵᱚᱸᱫ ᱠᱮᱫᱟᱢ᱾,
demo_keys.banner,Demo keys: signed with test keys. Not valid outside this demo.,डेमो कुंजियाँ: परीक्षण कुंजियों से हस्ताक्षरित। इस डेमो के बाहर मान्य नहीं।,ᱰᱮᱢᱚ ᱠᱩᱧᱡᱤ: ᱴᱮᱥᱴ ᱠᱩᱧᱡᱤ ᱛᱮ ᱥᱟᱭᱤᱱ ᱟᱠᱟᱱᱟ᱾ ᱱᱚᱶᱟ ᱰᱮᱢᱚ ᱵᱟᱦᱨᱮ ᱢᱟᱱᱭᱟ ᱵᱟᱝ᱾,
cert.title,Certificate,प्रमाणपत्र,ᱥᱚᱨᱴᱤᱯᱷᱤᱠᱮᱴ,
cert.issue.button,Issue certificate,प्रमाणपत्र जारी करें,ᱥᱚᱨᱴᱤᱯᱷᱤᱠᱮᱴ ᱮᱢᱢᱮ,
cert.reissue.button,Issue a new certificate,नया प्रमाणपत्र जारी करें,ᱱᱟᱶᱟ ᱥᱚᱨᱴᱤᱯᱷᱤᱠᱮᱴ ᱮᱢᱢᱮ,
cert.missing.label,Pass these modules first: {{modules}},पहले ये मॉड्यूल पास करें: {{modules}},ᱯᱟᱹᱦᱤᱞ ᱱᱚᱶᱟ ᱢᱳᱰᱭᱩᱞ ᱠᱚ ᱯᱟᱥ ᱞᱟᱹᱠᱛᱤ: {{modules}},
cert.not_approved.label,Device not approved yet. The certificate will be issued after the next sync.,डिवाइस अभी स्वीकृत नहीं है। अगली सिंक के बाद प्रमाणपत्र जारी होगा।,ᱰᱤᱵᱟᱭᱤᱥ ᱱᱤᱛᱚᱜ ᱦᱟᱹᱵᱤᱡ ᱢᱟᱱᱟᱣ ᱵᱟᱝ ᱦᱩᱭ ᱟᱠᱟᱱᱟ᱾ ᱛᱟᱭᱚᱢ ᱥᱤᱸᱠ ᱠᱷᱟᱱ ᱥᱚᱨᱴᱤᱯᱷᱤᱠᱮᱴ ᱮᱢᱚᱜᱼᱟ᱾,
cert.untrusted.label,This app has no trusted root key. Certificates cannot be issued or checked.,इस ऐप में भरोसेमंद रूट कुंजी नहीं है। प्रमाणपत्र जारी या जाँचे नहीं जा सकते।,ᱱᱚᱶᱟ ᱮᱯ ᱨᱮ ᱵᱷᱚᱨᱥᱟ ᱨᱩᱴ ᱠᱩᱧᱡᱤ ᱵᱟᱹᱱᱩᱜᱼᱟ᱾ ᱥᱚᱨᱴᱤᱯᱷᱤᱠᱮᱴ ᱮᱢ ᱟᱨ ᱡᱟᱸᱪ ᱵᱟᱝ ᱦᱩᱭ ᱫᱟᱲᱮᱭᱟᱜᱼᱟ᱾,
cert.show.hint,Show this QR code to the inspector.,यह QR कोड निरीक्षक को दिखाएँ।,ᱱᱚᱶᱟ QR ᱠᱳᱰ ᱡᱟᱸᱪ ᱦᱚᱲ (inspector) ᱠᱮ ᱩᱫᱩᱜᱢᱮ᱾,
cert.name.label,Name,नाम,ᱧᱩᱛᱩᱢ,
cert.site.label,Site,साइट,ᱥᱟᱭᱤᱴ,
cert.issued.label,Issued,जारी,ᱮᱢ ᱢᱟᱦᱟᱸ,
cert.expires.label,Valid until,मान्य तक,ᱢᱟᱱᱭᱟ ᱦᱟᱹᱵᱤᱡ,
verify.status.valid,Valid,मान्य,ᱴᱷᱤᱠ,
verify.status.expired,Expired,समय-सीमा समाप्त,ᱚᱠᱛᱚ ᱪᱟᱵᱟ ᱮᱱᱟ,
verify.status.revoked,Revoked,रद्द,ᱨᱚᱫ,
verify.status.invalid,Invalid,अमान्य,ᱴᱷᱤᱠ ᱵᱟᱝ,
verify.title,Verify certificate,प्रमाणपत्र जाँचें,ᱥᱚᱨᱴᱤᱯᱷᱤᱠᱮᱴ ᱡᱟᱸᱪ,
verify.scan.hint,Point the camera at the certificate QR code.,कैमरे को प्रमाणपत्र के QR कोड पर रखें।,ᱠᱮᱢᱮᱨᱟ ᱥᱚᱨᱴᱤᱯᱷᱤᱠᱮᱴ ᱨᱮᱭᱟᱜ QR ᱠᱳᱰ ᱥᱮᱫ ᱫᱚᱦᱚᱭᱢᱮ᱾,
verify.camera.body,Allow the camera to scan certificate QR codes.,प्रमाणपत्र के QR कोड स्कैन करने के लिए कैमरा चालू करें।,ᱥᱚᱨᱴᱤᱯᱷᱤᱠᱮᱴ ᱨᱮᱭᱟᱜ QR ᱠᱳᱰ ᱥᱠᱮᱱ ᱞᱟᱹᱜᱤᱫ ᱠᱮᱢᱮᱨᱟ ᱦᱩᱠᱩᱢ ᱮᱢᱢᱮ᱾,
verify.camera.allow.button,Allow camera,कैमरा चालू करें,ᱠᱮᱢᱮᱨᱟ ᱦᱩᱠᱩᱢ ᱮᱢᱢᱮ,
verify.again.button,Scan another,दूसरा स्कैन करें,ᱮᱴᱟᱜ ᱥᱠᱮᱱᱢᱮ,
verify.revocation.updated,Revocation list updated {{when}},रद्द-सूची अपडेट: {{when}},ᱨᱚᱫ ᱞᱤᱥᱴ ᱱᱟᱶᱟ ᱮᱱᱟ: {{when}},
verify.revocation.unknown,"Revocation status unknown (offline, no list)","रद्द होने की स्थिति पता नहीं (ऑफ़लाइन, कोई सूची नहीं)","ᱨᱚᱫ ᱨᱮᱭᱟᱜ ᱠᱷᱚᱵᱚᱨ ᱵᱟᱝ ᱵᱟᱰᱟᱭᱚᱜᱼᱟ (ᱚᱯᱷᱞᱟᱭᱤᱱ, ᱞᱤᱥᱴ ᱵᱟᱹᱱᱩᱜ)",
verify.reason.invalid_format,This is not a valid Suraksha Saathi certificate.,यह मान्य सुरक्षा साथी प्रमाणपत्र नहीं है।,ᱱᱚᱶᱟ ᱴᱷᱤᱠ ᱥᱩᱨᱚᱠᱷᱟ ᱥᱟᱛᱷᱤ ᱥᱚᱨᱴᱤᱯᱷᱤᱠᱮᱴ ᱵᱟᱝ ᱠᱟᱱᱟ᱾,
verify.reason.invalid_attestation,The device that issued it is not approved.,इसे जारी करने वाला डिवाइस स्वीकृत नहीं है।,ᱱᱚᱶᱟ ᱮᱢ ᱠᱟᱫ ᱰᱤᱵᱟᱭᱤᱥ ᱢᱟᱱᱟᱣ ᱵᱟᱝ ᱦᱩᱭ ᱟᱠᱟᱱᱟ᱾,
verify.reason.invalid_signature,The certificate was changed after it was signed.,हस्ताक्षर के बाद प्रमाणपत्र बदला गया है।,ᱥᱟᱭᱤᱱ ᱛᱟᱭᱚᱢ ᱥᱚᱨᱴᱤᱯᱷᱤᱠᱮᱴ ᱵᱚᱫᱚᱞ ᱟᱠᱟᱱᱟ᱾,
time.minutes_ago,{{count}} min ago,{{count}} मिनट पहले,{{count}} ᱢᱤᱱᱤᱴ ᱞᱟᱦᱟ,
time.hours_ago,{{count}} h ago,{{count}} घंटे पहले,{{count}} ᱜᱷᱚᱱᱴᱟ ᱞᱟᱦᱟ,
time.days_ago,{{count}} days ago,{{count}} दिन पहले,{{count}} ᱢᱟᱦᱟᱸ ᱞᱟᱦᱟ,
home.language.label,Language,भाषा,ᱯᱟᱹᱨᱥᱤ,
worker.language.label,Worker's language,कामगार की भाषा,ᱠᱟᱹᱢᱤᱭᱟᱹ ᱨᱮᱭᱟᱜ ᱯᱟᱹᱨᱥᱤ,
home.sat_draft.note,Santali text is a draft under review by native speakers.,संताली पाठ अभी मसौदा है; संताली भाषी इसकी जाँच कर रहे हैं।,ᱥᱟᱱᱛᱟᱲᱤ ᱚᱞ ᱫᱚ ᱰᱨᱟᱯᱷᱴ ᱠᱟᱱᱟ; ᱥᱟᱱᱛᱟᱲᱤ ᱯᱟᱹᱨᱥᱤ ᱦᱚᱲ ᱡᱟᱸᱪ ᱮᱫᱟ ᱠᱚ᱾,
home.sat_draft.voice,"Android has no Santali voice, so instructions are spoken in Hindi. The Santali text stays on screen.","Android में संताली आवाज़ नहीं है, इसलिए निर्देश हिन्दी में बोले जाते हैं। संताली पाठ स्क्रीन पर रहता है।","Android ᱨᱮ ᱥᱟᱱᱛᱟᱲᱤ ᱟᱲᱟᱝ ᱵᱟᱹᱱᱩᱜᱼᱟ, ᱚᱱᱟᱛᱮ ᱦᱚᱨ ᱩᱫᱩᱜ ᱦᱤᱱᱫᱤ ᱛᱮ ᱟᱧᱡᱚᱢᱚᱜᱼᱟ᱾ ᱥᱟᱱᱛᱟᱲᱤ ᱚᱞ ᱥᱠᱨᱤᱱ ᱨᱮ ᱛᱟᱦᱮᱸᱱᱟ᱾",
home.sat_draft.dismiss,Hide this note,यह सूचना छिपाएँ,ᱱᱚᱶᱟ ᱠᱷᱚᱵᱚᱨ ᱩᱠᱩᱢᱮ,
home.scan_card.button,Scan worker ID card,कामगार पहचान पत्र स्कैन करें,ᱠᱟᱹᱢᱤᱭᱟᱹ ID ᱠᱟᱰ ᱥᱠᱮᱱᱢᱮ,
worker.card.button,ID card,पहचान पत्र,ID ᱠᱟᱰ,
card.title,Worker ID card,कामगार पहचान पत्र,ᱠᱟᱹᱢᱤᱭᱟᱹ ID ᱠᱟᱰ,
card.code.value,Employee code: {{code}},कर्मचारी कोड: {{code}},ᱠᱚᱨᱢᱚᱪᱟᱨᱤ ᱠᱳᱰ: {{code}},
card.site.value,Site: {{site}},साइट: {{site}},ᱥᱟᱭᱤᱴ: {{site}},
card.hint,Print this card for the worker. Scan it on the home screen to open their training.,यह कार्ड कामगार के लिए प्रिंट करें। उनका प्रशिक्षण खोलने के लिए होम स्क्रीन पर इसे स्कैन करें।,ᱱᱚᱶᱟ ᱠᱟᱰ ᱠᱟᱹᱢᱤᱭᱟᱹ ᱞᱟᱹᱜᱤᱫ ᱯᱨᱤᱱᱴᱢᱮ᱾ ᱩᱱᱤᱭᱟᱜ ᱴᱨᱮᱱᱤᱝ ᱡᱷᱤᱡ ᱞᱟᱹᱜᱤᱫ ᱦᱚᱢ ᱥᱠᱨᱤᱱ ᱨᱮ ᱥᱠᱮᱱᱢᱮ᱾,
card.print.button,Print ID card,पहचान पत्र प्रिंट करें,ID ᱠᱟᱰ ᱯᱨᱤᱱᱴᱢᱮ,
card.print.failed,Printing did not work. Try again.,प्रिंट नहीं हो पाया। फिर से कोशिश करें।,ᱯᱨᱤᱱᱴ ᱵᱟᱝ ᱦᱩᱭ ᱮᱱᱟ᱾ ᱟᱨᱦᱚᱸ ᱠᱩᱨᱩᱢᱩᱴᱩᱭᱢᱮ᱾,
card.worker_id.label,Worker ID,कामगार आईडी,ᱠᱟᱹᱢᱤᱭᱟᱹ ID,
card.language.label,Language,भाषा,ᱯᱟᱹᱨᱥᱤ,
card.scan_login.label,Scan to log in,लॉग इन के लिए स्कैन करें,ᱵᱚᱞᱚᱜ ᱞᱟᱹᱜᱤᱫ ᱥᱠᱮᱱᱢᱮ,
card.share.button,Share card,कार्ड शेयर करें,ᱠᱟᱰ ᱦᱟᱹᱴᱤᱧᱢᱮ,
card.share.failed,The card could not be shared. Try again.,कार्ड शेयर नहीं हो पाया। फिर से कोशिश करें।,ᱠᱟᱰ ᱦᱟᱹᱴᱤᱧ ᱵᱟᱝ ᱦᱩᱭ ᱮᱱᱟ᱾ ᱟᱨᱦᱚᱸ ᱠᱩᱨᱩᱢᱩᱴᱩᱭᱢᱮ᱾,
cert.card.title,Safety training certificate,सुरक्षा प्रशिक्षण प्रमाणपत्र,ᱥᱩᱨᱚᱠᱷᱟ ᱴᱨᱮᱱᱤᱝ ᱥᱚᱨᱴᱤᱯᱷᱤᱠᱮᱴ,
cert.card.scan.label,Scan to verify,जाँच के लिए स्कैन करें,ᱡᱟᱸᱪ ᱞᱟᱹᱜᱤᱫ ᱥᱠᱮᱱᱢᱮ,
worker.photo.add.button,Take ID card photo,पहचान पत्र के लिए फ़ोटो लें,ID ᱠᱟᱰ ᱯᱷᱚᱴᱚ ᱩᱛᱟᱹᱨᱢᱮ,
worker.photo.change.button,Change ID card photo,पहचान पत्र की फ़ोटो बदलें,ID ᱠᱟᱰ ᱯᱷᱚᱴᱚ ᱵᱚᱫᱚᱞᱢᱮ,
photo.title,ID card photo,पहचान पत्र की फ़ोटो,ID ᱠᱟᱰ ᱯᱷᱚᱴᱚ,
photo.camera.body,Allow the camera to take the worker's photo for the ID card.,पहचान पत्र के लिए कामगार की फ़ोटो लेने हेतु कैमरे की अनुमति दें।,ID ᱠᱟᱰ ᱞᱟᱹᱜᱤᱫ ᱠᱟᱹᱢᱤᱭᱟᱹ ᱨᱮᱭᱟᱜ ᱯᱷᱚᱴᱚ ᱩᱛᱟᱹᱨ ᱞᱟᱹᱜᱤᱫ ᱠᱮᱢᱮᱨᱟ ᱦᱩᱠᱩᱢ ᱮᱢᱢᱮ᱾,
photo.hint,Fit the worker's face and shoulders in the frame. The photo stays on this phone only.,कामगार का चेहरा और कंधे फ़्रेम में रखें। फ़ोटो सिर्फ़ इसी फ़ोन में रहती है।,ᱠᱟᱹᱢᱤᱭᱟᱹ ᱨᱮᱭᱟᱜ ᱢᱚᱪᱟ ᱟᱨ ᱠᱟᱸᱫᱷᱟ ᱯᱷᱨᱮᱢ ᱨᱮ ᱫᱚᱦᱚᱭᱢᱮ᱾ ᱯᱷᱚᱴᱚ ᱱᱚᱶᱟ ᱯᱷᱚᱱ ᱨᱮ ᱜᱮ ᱛᱟᱦᱮᱸᱱᱟ᱾,
photo.capture.button,Take photo,फ़ोटो लें,ᱯᱷᱚᱴᱚ ᱩᱛᱟᱹᱨᱢᱮ,
photo.flip.button,Switch camera,कैमरा बदलें,ᱠᱮᱢᱮᱨᱟ ᱵᱚᱫᱚᱞᱢᱮ,
photo.use.button,Use this photo,यह फ़ोटो रखें,ᱱᱚᱶᱟ ᱯᱷᱚᱴᱚ ᱵᱮᱵᱷᱟᱨᱢᱮ,
photo.retake.button,Take again,फिर से लें,ᱟᱨᱦᱚᱸ ᱩᱛᱟᱹᱨᱢᱮ,
photo.remove.button,Remove photo,फ़ोटो हटाएँ,ᱯᱷᱚᱴᱚ ᱦᱟᱹᱛᱟᱹᱣᱢᱮ,
photo.failed,The photo could not be saved. Try again.,फ़ोटो सेव नहीं हो पाई। फिर से कोशिश करें।,ᱯᱷᱚᱴᱚ ᱥᱮᱵ ᱵᱟᱝ ᱦᱩᱭ ᱮᱱᱟ᱾ ᱟᱨᱦᱚᱸ ᱠᱩᱨᱩᱢᱩᱴᱩᱭᱢᱮ᱾,
scan.title,Scan ID card,पहचान पत्र स्कैन करें,ID ᱠᱟᱰ ᱥᱠᱮᱱ,
scan.hint,Point the camera at the QR code on the worker's ID card.,कैमरे को कामगार के पहचान पत्र के QR कोड पर रखें।,ᱠᱟᱹᱢᱤᱭᱟᱹ ᱨᱮᱭᱟᱜ ID ᱠᱟᱰ ᱨᱮᱱᱟᱜ QR ᱠᱳᱰ ᱥᱮᱫ ᱠᱮᱢᱮᱨᱟ ᱫᱚᱦᱚᱭᱢᱮ᱾,
scan.camera.body,Allow the camera to scan worker ID cards.,कामगार पहचान पत्र स्कैन करने के लिए कैमरा चालू करें।,ID ᱠᱟᱰ ᱥᱠᱮᱱ ᱞᱟᱹᱜᱤᱫ ᱠᱮᱢᱮᱨᱟ ᱦᱩᱠᱩᱢ ᱮᱢᱢᱮ᱾,
scan.not_found,This card's worker is not enrolled on this device. Enrol them first.,इस कार्ड का कामगार इस डिवाइस पर जुड़ा नहीं है। पहले उन्हें जोड़ें।,ᱱᱚᱶᱟ ᱠᱟᱰ ᱨᱮᱱ ᱠᱟᱹᱢᱤᱭᱟᱹ ᱱᱚᱶᱟ ᱰᱤᱵᱟᱭᱤᱥ ᱨᱮ ᱥᱮᱞᱮᱫ ᱵᱟᱝ ᱦᱩᱭ ᱟᱠᱟᱱᱟ᱾ ᱯᱟᱹᱦᱤᱞ ᱥᱮᱞᱮᱫᱢᱮ᱾,
scan.certificate,This is a certificate. Use Verify a certificate on the home screen.,यह प्रमाणपत्र है। होम स्क्रीन पर प्रमाणपत्र जाँचें का उपयोग करें।,"ᱱᱚᱶᱟ ᱥᱚᱨᱴᱤᱯᱷᱤᱠᱮᱴ ᱠᱟᱱᱟ᱾ ᱦᱚᱢ ᱥᱠᱨᱤᱱ ᱨᱮ ""ᱥᱚᱨᱴᱤᱯᱷᱤᱠᱮᱴ ᱡᱟᱸᱪᱢᱮ"" ᱵᱮᱵᱷᱟᱨᱢᱮ᱾",
scan.not_card,This is not a worker ID card.,यह कामगार पहचान पत्र नहीं है।,ᱱᱚᱶᱟ ᱠᱟᱹᱢᱤᱭᱟᱹ ID ᱠᱟᱰ ᱵᱟᱝ ᱠᱟᱱᱟ᱾,
scan.again.button,Scan again,फिर से स्कैन करें,ᱟᱨᱦᱚᱸ ᱥᱠᱮᱱᱢᱮ,
home.settings.button,Settings,सेटिंग्स,ᱥᱮᱴᱤᱝ,
settings.title,Settings,सेटिंग्स,ᱥᱮᱴᱤᱝ,
settings.device.title,This device,यह डिवाइस,ᱱᱚᱶᱟ ᱰᱤᱵᱟᱭᱤᱥ,
settings.site.value,Site: {{site}},साइट: {{site}},ᱥᱟᱭᱤᱴ: {{site}},
settings.device_id.value,Device ID: {{id}},डिवाइस आईडी: {{id}},ᱰᱤᱵᱟᱭᱤᱥ ID: {{id}},
settings.status.unregistered,Not registered with the server yet,अभी सर्वर पर पंजीकृत नहीं है,ᱥᱟᱨᱵᱷᱟᱨ ᱨᱮ ᱱᱤᱛᱚᱜ ᱦᱟᱹᱵᱤᱡ ᱧᱩᱛᱩᱢ ᱵᱟᱝ ᱚᱞ ᱟᱠᱟᱱᱟ,
settings.status.pending,Waiting for approval by an admin,एडमिन की स्वीकृति का इंतज़ार है,ᱮᱰᱢᱤᱱ ᱨᱮᱭᱟᱜ ᱢᱟᱱᱟᱣ ᱞᱟᱹᱜᱤᱫ ᱛᱟᱹᱝᱜᱤ ᱠᱟᱱᱟ,
settings.status.approved,Approved by an admin,एडमिन ने स्वीकृत किया है,ᱮᱰᱢᱤᱱ ᱢᱟᱱᱟᱣ ᱠᱮᱫᱟ,
settings.attestation.until,Can issue certificates until {{date}},{{date}} तक प्रमाणपत्र जारी कर सकता है,{{date}} ᱦᱟᱹᱵᱤᱡ ᱥᱚᱨᱴᱤᱯᱷᱤᱠᱮᱴ ᱮᱢ ᱫᱟᱲᱮᱭᱟᱜᱼᱟ,
settings.attestation.none,Cannot issue certificates yet,अभी प्रमाणपत्र जारी नहीं कर सकता,ᱱᱤᱛᱚᱜ ᱦᱟᱹᱵᱤᱡ ᱥᱚᱨᱴᱤᱯᱷᱤᱠᱮᱴ ᱵᱟᱝ ᱮᱢ ᱫᱟᱲᱮᱭᱟᱜᱼᱟ,
settings.sync.title,Sync,सिंक,ᱥᱤᱸᱠ,
settings.last_sync.never,Last sync: never,पिछला सिंक: कभी नहीं,ᱢᱩᱪᱟᱹᱫ ᱥᱤᱸᱠ: ᱡᱟᱦᱟᱸ ᱚᱠᱛᱚ ᱦᱚᱸ ᱵᱟᱝ,
settings.last_sync.value,Last sync: {{date}},पिछला सिंक: {{date}},ᱢᱩᱪᱟᱹᱫ ᱥᱤᱸᱠ: {{date}},
settings.sync_now.button,Sync now,अभी सिंक करें,ᱱᱤᱛᱚᱜ ᱥᱤᱸᱠᱢᱮ,
settings.sync.unavailable,Sync with the server is not available in this version yet.,सर्वर के साथ सिंक इस संस्करण में अभी उपलब्ध नहीं है।,ᱥᱟᱨᱵᱷᱟᱨ ᱥᱟᱶ ᱥᱤᱸᱠ ᱱᱚᱶᱟ ᱵᱷᱟᱨᱥᱚᱱ ᱨᱮ ᱱᱤᱛᱚᱜ ᱦᱟᱹᱵᱤᱡ ᱵᱟᱹᱱᱩᱜᱼᱟ᱾,
settings.about.title,About,जानकारी,ᱵᱟᱵᱚᱛ,
settings.app_version.value,App version {{version}},ऐप संस्करण {{version}},ᱮᱯ ᱵᱷᱟᱨᱥᱚᱱ {{version}},
settings.content_version.value,Training content {{version}},प्रशिक्षण सामग्री {{version}},ᱴᱨᱮᱱᱤᱝ ᱡᱤᱱᱤᱥ {{version}},
settings.narration.title,Spoken instructions,बोलकर निर्देश,ᱟᱲᱟᱝ ᱛᱮ ᱞᱟᱹᱭ,
settings.narration.body,"Each drill step is read aloud when it starts. Replay always reads it again, even when this is off.",अभ्यास का हर चरण शुरू होते ही बोलकर सुनाया जाता है। यह बंद होने पर भी 'फिर सुनें' दबाकर दोबारा सुन सकते हैं।,"ᱢᱤᱫ ᱢᱤᱫ ᱫᱷᱟᱯ ᱮᱦᱚᱵ ᱚᱠᱛᱚ ᱨᱮ ᱟᱲᱟᱝ ᱛᱮ ᱯᱟᱲᱦᱟᱣᱚᱜᱼᱟ᱾ ᱱᱚᱶᱟ ᱵᱚᱸᱫ ᱛᱟᱦᱮᱸᱱ ᱠᱷᱟᱱ ᱦᱚᱸ ""ᱟᱨᱦᱚᱸ ᱟᱧᱡᱚᱢ"" ᱥᱟᱵᱚᱱ ᱟᱨᱦᱚᱸ ᱯᱟᱲᱦᱟᱣᱟ᱾",
settings.narration.on,On,चालू,ᱪᱟᱹᱞᱩ,
settings.narration.off,Off (mute),बंद (म्यूट),ᱵᱚᱸᱫ (ᱪᱩᱯ),
settings.anchoring.title,AR anchoring (if objects drift),AR एंकरिंग (अगर चीज़ें खिसकें),AR anchoring (ᱡᱤᱱᱤᱥ ᱠᱚ ᱥᱟᱨᱠᱟᱣ ᱠᱷᱟᱱ),
settings.anchoring.body,"Stabilised uses the gyroscope and the printed floor marker. If the fire jumps or slides badly on this phone, choose Old.","स्थिर (नया) जायरोस्कोप और फ़र्श पर रखे छपे मार्कर का उपयोग करता है। अगर इस फ़ोन पर आग उछलती है या बहुत खिसकती है, तो पुराना चुनें।","ᱥᱛᱷᱤᱨ gyroscope ᱟᱨ ᱚᱛᱮ ᱨᱮᱱᱟᱜ ᱪᱷᱟᱯᱟ ᱢᱟᱨᱠᱟᱨ ᱵᱮᱵᱷᱟᱨᱟ᱾ ᱡᱩᱫᱤ ᱱᱚᱶᱟ ᱯᱷᱚᱱ ᱨᱮ ᱥᱮᱸᱜᱮᱞ ᱟᱹᱰᱤ ᱰᱩᱞᱩᱜ ᱥᱮ ᱥᱟᱨᱠᱟᱣᱚᱜ ᱠᱟᱱᱟ, ᱯᱩᱨᱟᱱᱟ ᱵᱟᱪᱷᱟᱣᱢᱮ᱾",
settings.anchoring.stabilised,Stabilised (new),स्थिर (नया),ᱥᱛᱷᱤᱨ (ᱱᱟᱶᱟ),
settings.anchoring.legacy,Old (compass only),पुराना (केवल कम्पास),ᱯᱩᱨᱟᱱᱟ (ᱠᱚᱢᱯᱟᱥ ᱜᱮ),
settings.anchoring.note,Takes effect when the next drill starts.,अगला अभ्यास शुरू होने पर लागू होगा।,ᱛᱟᱭᱚᱢ ᱴᱨᱮᱱᱤᱝ ᱮᱦᱚᱵ ᱠᱷᱟᱱ ᱞᱟᱹᱜᱩ ᱦᱩᱭᱩᱜᱼᱟ᱾,
settings.anchoring.debug.label,Show the anchoring debug overlay during drills,अभ्यास के दौरान एंकरिंग डिबग जानकारी दिखाएँ,ᱴᱨᱮᱱᱤᱝ ᱚᱠᱛᱚ ᱨᱮ anchoring debug ᱩᱫᱩᱜᱢᱮ,
settings.anchoring.debug.off,Off,बंद,ᱵᱚᱸᱫ,
settings.anchoring.debug.on,On,चालू,ᱪᱟᱹᱞᱩ,
calibrate.title,Camera calibration,कैमरा कैलिब्रेशन,ᱠᱮᱢᱮᱨᱟ ᱠᱮᱞᱤᱵᱽᱨᱮᱥᱚᱱ,
calibrate.tab.fov,Field of view,दृश्य क्षेत्र (FOV),ᱧᱮᱞ ᱴᱷᱟᱶ (FOV),
calibrate.tab.selftest,Rotation self-test,घुमाव स्व-परीक्षण,ᱜᱷᱩᱨᱟᱹᱣ ᱡᱟᱸᱪ,
calibrate.current,In use: lens {{lens}}° ({{source}}),उपयोग में: लेंस {{lens}}° ({{source}}),ᱵᱮᱵᱷᱟᱨ ᱨᱮ: ᱞᱮᱱᱥ {{lens}}° ({{source}}),
calibrate.no_gyro,"No gyroscope: the turn is measured with the rotation sensor, which is less exact.","जायरोस्कोप नहीं है: घुमाव रोटेशन सेंसर से मापा जाएगा, जो कम सटीक है।","Gyroscope ᱵᱟᱹᱱᱩᱜᱼᱟ: ᱜᱷᱩᱨᱟᱹᱣ rotation sensor ᱛᱮ ᱢᱟᱯᱚᱜᱼᱟ, ᱚᱱᱟ ᱠᱚᱢ ᱴᱷᱤᱠ᱾",
calibrate.fov.aim,"Aim the centre ring at a small, sharp object (a switch, a door corner). Hold completely still for 3 seconds, then tap Mark.","बीच की रिंग को किसी छोटी, साफ़ दिखने वाली चीज़ (स्विच, दरवाज़े का कोना) पर रखें। 3 सेकंड बिल्कुल स्थिर रहें, फिर मार्क दबाएँ।","ᱛᱟᱞᱟ ᱨᱤᱝ ᱢᱤᱫ ᱦᱩᱰᱤᱧ, ᱯᱷᱟᱨᱪᱟ ᱡᱤᱱᱤᱥ ᱥᱮᱫ ᱫᱚᱦᱚᱭᱢᱮ (ᱥᱩᱭᱤᱪ, ᱫᱩᱣᱟᱹᱨ ᱠᱚᱱᱟ)᱾ 3 ᱥᱮᱠᱮᱸᱰ ᱯᱩᱨᱟᱹ ᱛᱷᱤᱨ ᱛᱟᱦᱮᱸᱱᱢᱮ, ᱛᱟᱭᱚᱢ ""ᱪᱤᱱᱦᱟᱹ"" ᱴᱤᱯᱟᱹᱣᱢᱮ᱾",
calibrate.fov.turn,"Turn slowly to the right, phone upright, until the same object touches the yellow line. Then tap Mark.","फ़ोन सीधा रखकर धीरे-धीरे दाईं ओर घूमें, जब तक वही चीज़ पीली रेखा को न छू ले। फिर मार्क दबाएँ।","ᱯᱷᱚᱱ ᱛᱤᱝᱜᱩ ᱫᱚᱦᱚ ᱠᱟᱛᱮ ᱫᱷᱤᱨᱮ ᱫᱷᱤᱨᱮ ᱡᱚᱡᱚᱢ ᱥᱮᱫ ᱜᱷᱩᱨᱟᱹᱣᱢᱮ᱾ ᱚᱱᱟ ᱡᱤᱱᱤᱥ ᱥᱟᱥᱟᱝ ᱜᱟᱨ ᱨᱮ ᱥᱮᱴᱮᱨ ᱠᱷᱟᱱ ""ᱪᱤᱱᱦᱟᱹ"" ᱴᱤᱯᱟᱹᱣᱢᱮ᱾",
calibrate.fov.turned,Turned {{deg}}°,{{deg}}° घूमे,{{deg}}° ᱜᱷᱩᱨᱟᱹᱣ ᱮᱱᱟ,
calibrate.fov.result,Measured: {{across}}° across this screen (lens {{lens}}°).,मापा गया: इस स्क्रीन पर {{across}}° चौड़ाई (लेंस {{lens}}°)।,ᱢᱟᱯ: ᱱᱚᱶᱟ ᱥᱠᱨᱤᱱ ᱨᱮ {{across}}° (ᱞᱮᱱᱥ {{lens}}°)᱾,
calibrate.fov.error_before,"With the FOV in use ({{source}}), the overlay would have been {{deg}}° off at that line.","उपयोग में FOV ({{source}}) से, उस रेखा पर ओवरले {{deg}}° हटकर होता।","ᱵᱮᱵᱷᱟᱨ ᱨᱮ ᱢᱮᱱᱟᱜ FOV ({{source}}) ᱛᱮ, ᱚᱱᱟ ᱜᱟᱨ ᱨᱮ ᱪᱤᱛᱟᱹᱨ {{deg}}° ᱵᱷᱩᱞ ᱛᱟᱦᱮᱸᱱ ᱠᱟᱱᱟ᱾",
calibrate.fov.samples,Measurements: {{count}}. Average lens FOV {{lens}}°.,माप: {{count}}। औसत लेंस FOV {{lens}}°।,ᱢᱟᱯ: {{count}}᱾ ᱞᱮᱱᱥ FOV ᱮᱣᱨᱮᱡ {{lens}}°᱾,
calibrate.fov.bad,"That measurement does not look right (turn too small, or the object was not on the line). Try again.",यह माप सही नहीं लगता (घुमाव बहुत कम था या चीज़ रेखा पर नहीं थी)। फिर से करें।,"ᱱᱚᱶᱟ ᱢᱟᱯ ᱴᱷᱤᱠ ᱵᱟᱝ ᱧᱮᱞᱚᱜ ᱠᱟᱱᱟ (ᱜᱷᱩᱨᱟᱹᱣ ᱟᱹᱰᱤ ᱦᱩᱰᱤᱧ, ᱥᱮ ᱡᱤᱱᱤᱥ ᱜᱟᱨ ᱨᱮ ᱵᱟᱹᱱᱩᱜ ᱛᱟᱦᱮᱸᱱ ᱠᱟᱱᱟ)᱾ ᱟᱨᱦᱚᱸ ᱠᱩᱨᱩᱢᱩᱴᱩᱭᱢᱮ᱾",
calibrate.mark.button,Mark,मार्क,ᱪᱤᱱᱦᱟᱹ,
calibrate.again.button,Measure again,फिर से मापें,ᱟᱨᱦᱚᱸ ᱢᱟᱯᱢᱮ,
calibrate.save.button,Save {{lens}}° for training,प्रशिक्षण के लिए {{lens}}° सेव करें,ᱴᱨᱮᱱᱤᱝ ᱞᱟᱹᱜᱤᱫ {{lens}}° ᱥᱮᱵᱢᱮ,
calibrate.reset.button,Use the default FOV,डिफ़ॉल्ट FOV इस्तेमाल करें,ᱢᱩᱞ FOV ᱵᱮᱵᱷᱟᱨᱢᱮ,
calibrate.selftest.aim,Aim the centre ring at a sharp object and tap Start.,बीच की रिंग को किसी साफ़ चीज़ पर रखें और शुरू करें दबाएँ।,"ᱛᱟᱞᱟ ᱨᱤᱝ ᱢᱤᱫ ᱯᱷᱟᱨᱪᱟ ᱡᱤᱱᱤᱥ ᱥᱮᱫ ᱫᱚᱦᱚᱭᱢᱮ ᱟᱨ ""ᱮᱦᱚᱵ"" ᱴᱤᱯᱟᱹᱣᱢᱮ᱾",
calibrate.selftest.away,Turn at least 90° away. Turned {{deg}}° (furthest {{max}}°).,कम से कम 90° दूर घूमें। {{deg}}° घूमे (सबसे दूर {{max}}°)।,ᱠᱚᱢ ᱥᱮ ᱠᱚᱢ 90° ᱮᱴᱟᱜ ᱥᱮᱫ ᱜᱷᱩᱨᱟᱹᱣᱢᱮ᱾ {{deg}}° ᱜᱷᱩᱨᱟᱹᱣ ᱮᱱᱟ (ᱡᱟᱹᱥᱛᱤ {{max}}°)᱾,
calibrate.selftest.back,Now aim the centre ring at the same object again and tap Done.,अब बीच की रिंग को फिर उसी चीज़ पर रखें और हो गया दबाएँ।,"ᱱᱤᱛᱚᱜ ᱛᱟᱞᱟ ᱨᱤᱝ ᱟᱨᱦᱚᱸ ᱚᱱᱟ ᱡᱤᱱᱤᱥ ᱥᱮᱫ ᱫᱚᱦᱚᱭᱢᱮ ᱟᱨ ""ᱪᱟᱵᱟ"" ᱴᱤᱯᱟᱹᱣᱢᱮ᱾",
calibrate.selftest.result,"Return error: {{filtered}}° with {{mode}} anchoring, {{raw}}° with the raw rotation sensor.","लौटने पर त्रुटि: {{mode}} एंकरिंग से {{filtered}}°, कच्चे रोटेशन सेंसर से {{raw}}°।","ᱨᱩᱣᱟᱹᱲ ᱵᱷᱩᱞ: {{mode}} anchoring ᱛᱮ {{filtered}}°, raw rotation sensor ᱛᱮ {{raw}}°᱾",
calibrate.start.button,Start,शुरू करें,ᱮᱦᱚᱵ,
calibrate.close.button,Close,बंद करें,ᱵᱚᱸᱫᱢᱮ,
worker.edit.button,Edit worker,कामगार की जानकारी बदलें,ᱠᱟᱹᱢᱤᱭᱟᱹ ᱵᱚᱫᱚᱞᱢᱮ,
edit.title,Edit worker,जानकारी बदलें,ᱠᱟᱹᱢᱤᱭᱟᱹ ᱵᱚᱫᱚᱞ,
edit.save.button,Save changes,बदलाव सेव करें,ᱵᱚᱫᱚᱞ ᱥᱮᱵᱢᱮ,
edit.name.note,Certificates already issued keep the old name.,पहले से जारी प्रमाणपत्रों पर पुराना नाम ही रहेगा।,ᱞᱟᱦᱟ ᱨᱮ ᱮᱢ ᱟᱠᱟᱱ ᱥᱚᱨᱴᱤᱯᱷᱤᱠᱮᱴ ᱨᱮ ᱯᱩᱨᱟᱱᱟ ᱧᱩᱛᱩᱢ ᱜᱮ ᱛᱟᱦᱮᱸᱱᱟ᱾,
edit.delete.button,Delete worker,कामगार हटाएँ,ᱠᱟᱹᱢᱤᱭᱟᱹ ᱢᱮᱴᱟᱣᱢᱮ,
edit.delete.title,Delete {{name}}?,{{name}} को हटाएँ?,{{name}} ᱢᱮᱴᱟᱣᱟᱢ ᱥᱮ?,
edit.delete.body,They will disappear from the worker list and their ID card will stop working. Their training results and certificates are kept.,वे कामगार सूची से हट जाएँगे और उनका पहचान पत्र काम नहीं करेगा। उनके प्रशिक्षण परिणाम और प्रमाणपत्र बने रहेंगे।,ᱩᱱᱤ ᱠᱟᱹᱢᱤᱭᱟᱹ ᱞᱤᱥᱴ ᱠᱷᱚᱱ ᱟᱫᱚᱜᱼᱟ ᱟᱨ ᱩᱱᱤᱭᱟᱜ ID ᱠᱟᱰ ᱵᱟᱝ ᱠᱟᱹᱢᱤᱭᱟ᱾ ᱩᱱᱤᱭᱟᱜ ᱴᱨᱮᱱᱤᱝ ᱯᱷᱚᱞ ᱟᱨ ᱥᱚᱨᱴᱤᱯᱷᱤᱠᱮᱴ ᱛᱟᱦᱮᱸᱱᱟ᱾,
edit.delete.confirm,Delete,हटाएँ,ᱢᱮᱴᱟᱣᱢᱮ,
edit.delete.cancel,Cancel,रद्द करें,"ᱵᱟᱝ, ᱨᱩᱣᱟᱹᱲᱢᱮ",
enrol.employee_code.too_long,Use up to 40 letters or digits.,40 अक्षर या अंक तक लिखें।,40 ᱦᱟᱹᱵᱤᱡ ᱟᱠᱷᱚᱨ ᱥᱮ ᱮᱞ ᱚᱞᱢᱮ᱾,
enrol.language.required,Pick a language.,एक भाषा चुनें।,ᱢᱤᱫ ᱯᱟᱹᱨᱥᱤ ᱵᱟᱪᱷᱟᱣᱢᱮ᱾,
refresher.stage.label,Refresher · day {{day}},रिफ्रेशर · दिन {{day}},ᱫᱚᱦᱲᱟ ᱴᱨᱮᱱᱤᱝ · ᱢᱟᱦᱟᱸ {{day}},
refresher.due.badge,Refresher due (day {{day}}),रिफ्रेशर बाकी (दिन {{day}}),ᱫᱚᱦᱲᱟ ᱴᱨᱮᱱᱤᱝ ᱚᱠᱛᱚ (ᱢᱟᱦᱟᱸ {{day}}),
refresher.due.short,Refresher due,रिफ्रेशर बाकी,ᱫᱚᱦᱲᱟ ᱴᱨᱮᱱᱤᱝ ᱚᱠᱛᱚ,
refresher.start.button,Refresher: {{module}},रिफ्रेशर: {{module}},ᱫᱚᱦᱲᱟ: {{module}},
refresher.next.label,"Next refresher: day {{day}}, on {{date}}","अगला रिफ्रेशर: दिन {{day}}, {{date}} को","ᱛᱟᱭᱚᱢ ᱫᱚᱦᱲᱟ: ᱢᱟᱦᱟᱸ {{day}}, {{date}} ᱨᱮ",
settings.demo_clock.title,Demo clock (refreshers only),डेमो घड़ी (केवल रिफ्रेशर),ᱰᱮᱢᱚ ᱜᱷᱚᱲᱤ (ᱫᱚᱦᱲᱟ ᱞᱟᱹᱜᱤᱫ ᱜᱮ),
settings.demo_clock.body,"For demos: moves the date refreshers fall due. Results, certificates and sync keep the real time.","डेमो के लिए: रिफ्रेशर की तारीख आगे करता है। परिणाम, प्रमाणपत्र और सिंक असली समय पर ही रहते हैं।","ᱰᱮᱢᱚ ᱞᱟᱹᱜᱤᱫ: ᱫᱚᱦᱲᱟ ᱴᱨᱮᱱᱤᱝ ᱨᱮᱭᱟᱜ ᱢᱟᱦᱟᱸ ᱞᱟᱦᱟ ᱛᱮ ᱥᱟᱨᱠᱟᱣᱟ᱾ ᱯᱷᱚᱞ, ᱥᱚᱨᱴᱤᱯᱷᱤᱠᱮᱴ ᱟᱨ ᱥᱤᱸᱠ ᱥᱟᱹᱨᱤ ᱚᱠᱛᱚ ᱜᱮ ᱵᱮᱵᱷᱟᱨᱟ᱾",
settings.demo_clock.value,Clock moved forward: {{days}} days,घड़ी आगे की गई: {{days}} दिन,ᱜᱷᱚᱲᱤ ᱞᱟᱦᱟ ᱛᱮ ᱥᱟᱨᱠᱟᱣ ᱮᱱᱟ: {{days}} ᱢᱟᱦᱟᱸ,
settings.demo_clock.plus,+{{days}} days,+{{days}} दिन,+{{days}} ᱢᱟᱦᱟᱸ,
settings.demo_clock.reset,Back to real time,असली समय पर लौटें,ᱥᱟᱹᱨᱤ ᱚᱠᱛᱚ ᱛᱮ ᱨᱩᱣᱟᱹᱲᱢᱮ,
