key,en,hi,sat,needsReview,notes
gas01.title,Gas leak and confined space,गैस रिसाव और बंद जगह,ᱜᱮᱥ ᱞᱤᱠ ᱟᱨ ᱵᱚᱸᱫ ᱴᱷᱟᱶ,true,scenario title
gas01.brief.instruction,You and your buddy will work in a confined area.,आप और आपका साथी एक बंद जगह में काम करेंगे।,ᱟᱢ ᱟᱨ ᱟᱢᱟᱜ ᱜᱟᱛᱮ ᱢᱤᱫ ᱵᱚᱸᱫ ᱴᱷᱟᱶ ᱨᱮ ᱠᱟᱹᱢᱤᱭᱟᱵᱮᱱ᱾,true,step caption
gas01.brief.audio,You and your buddy are about to enter a confined work area.,आप और आपका साथी एक बंद कार्य-स्थल में जाने वाले हैं।,ᱟᱢ ᱟᱨ ᱟᱢᱟᱜ ᱜᱟᱛᱮ ᱢᱤᱫ ᱵᱚᱸᱫ ᱠᱟᱹᱢᱤ ᱴᱷᱟᱶ ᱨᱮ ᱵᱚᱞᱚᱜ ᱞᱟᱹᱜᱤᱫ ᱛᱮᱭᱟᱨ ᱢᱮᱱᱟᱵᱮᱱ᱾,true,narration script
gas01.place_area.instruction,Tap the floor to place the work area.,काम की जगह रखने के लिए फ़र्श को छुएँ।,ᱠᱟᱹᱢᱤ ᱴᱷᱟᱶ ᱫᱚᱦᱚ ᱞᱟᱹᱜᱤᱫ ᱚᱛᱮ ᱴᱤᱯᱟᱹᱣᱢᱮ᱾,true,step caption
gas01.place_area.audio,Point your camera at the floor. Tap to place the work area.,कैमरा फ़र्श की ओर करें। काम की जगह रखने के लिए छुएँ।,ᱠᱮᱢᱮᱨᱟ ᱚᱛᱮ ᱥᱮᱫ ᱫᱚᱦᱚᱭᱢᱮ᱾ ᱠᱟᱹᱢᱤ ᱴᱷᱟᱶ ᱫᱚᱦᱚ ᱞᱟᱹᱜᱤᱫ ᱴᱤᱯᱟᱹᱣᱢᱮ᱾,true,narration script
gas01.ppe.instruction,Pick the equipment you need before you go in.,अंदर जाने से पहले ज़रूरी उपकरण चुनें।,ᱵᱷᱤᱛᱤᱨ ᱵᱚᱞᱚᱜ ᱞᱟᱦᱟ ᱨᱮ ᱞᱟᱹᱠᱛᱤ ᱡᱤᱱᱤᱥ ᱠᱚ ᱵᱟᱪᱷᱟᱣᱢᱮ᱾,true,step caption
gas01.ppe.audio,Pick everything you need to take in. Then press Done.,अंदर ले जाने के लिए ज़रूरी सब कुछ चुनें। फिर हो गया दबाएँ।,ᱵᱷᱤᱛᱤᱨ ᱤᱫᱤ ᱞᱟᱹᱜᱤᱫ ᱞᱟᱹᱠᱛᱤ ᱥᱟᱱᱟᱢ ᱡᱤᱱᱤᱥ ᱵᱟᱪᱷᱟᱣᱢᱮ᱾ ᱛᱟᱭᱚᱢ ᱪᱟᱵᱟ ᱴᱤᱯᱟᱹᱣᱢᱮ᱾,true,narration script
gas01.ppe.option.self_rescuer,Self-rescuer,सेल्फ़-रेस्क्यूअर,Self-rescuer,true,option label
gas01.ppe.option.gas_detector,Gas detector,गैस डिटेक्टर,Gas detector,true,option label
gas01.ppe.option.helmet_cap_lamp,Helmet with cap lamp,कैप लैंप वाला हेलमेट,Cap lamp ᱥᱟᱶ helmet,true,option label
gas01.ppe.option.dust_mask,Dust mask,धूल का मास्क,ᱫᱷᱩᱲᱤ ᱢᱟᱥᱠ,true,option label
gas01.ppe.option.matches_lighter,Matches or lighter,माचिस या लाइटर,ᱢᱟᱪᱤᱥ ᱥᱮ ᱞᱟᱭᱴᱟᱨ,true,option label
gas01.buddy_check.instruction,Check your buddy. Tap each item.,अपने साथी की जाँच करें। हर चीज़ को छुएँ।,ᱟᱢᱟᱜ ᱜᱟᱛᱮ ᱡᱟᱸᱪᱢᱮ᱾ ᱢᱤᱫ ᱢᱤᱫ ᱡᱤᱱᱤᱥ ᱴᱤᱯᱟᱹᱣᱢᱮ᱾,true,step caption
gas01.buddy_check.audio,Check your buddy before you go in. Tap each item.,अंदर जाने से पहले अपने साथी की जाँच करें। हर चीज़ को छुएँ।,ᱵᱷᱤᱛᱤᱨ ᱵᱚᱞᱚᱜ ᱞᱟᱦᱟ ᱨᱮ ᱟᱢᱟᱜ ᱜᱟᱛᱮ ᱡᱟᱸᱪᱢᱮ᱾ ᱢᱤᱫ ᱢᱤᱫ ᱡᱤᱱᱤᱥ ᱴᱤᱯᱟᱹᱣᱢᱮ᱾,true,narration script
gas01.buddy_check.option.detector_on,Gas detector is on,गैस डिटेक्टर चालू है,Gas detector ᱪᱟᱹᱞᱩ ᱢᱮᱱᱟᱜᱼᱟ,true,checklist item
gas01.buddy_check.option.self_rescuer_carried,Self-rescuer is carried,सेल्फ़-रेस्क्यूअर साथ में है,Self-rescuer ᱥᱟᱶ ᱨᱮ ᱢᱮᱱᱟᱜᱼᱟ,true,checklist item
gas01.buddy_check.option.lamp_working,Cap lamp is working,कैप लैंप काम कर रहा है,Cap lamp ᱴᱷᱤᱠ ᱛᱮ ᱠᱟᱹᱢᱤ ᱠᱟᱱᱟ,true,checklist item
gas01.buddy_check.option.hand_signals_agreed,Hand signals are agreed,हाथ के इशारे तय हैं,ᱛᱤ ᱤᱥᱟᱨᱟ ᱴᱷᱤᱠ ᱟᱠᱟᱱᱟ,true,checklist item
gas01.detect.instruction,Walk toward the area. Watch the gas detector.,उस जगह की ओर चलें। गैस डिटेक्टर देखते रहें।,ᱴᱷᱟᱶ ᱥᱮᱫ ᱥᱮᱱᱚᱜᱢᱮ᱾ Gas detector ᱧᱮᱞ ᱛᱟᱦᱮᱸᱱᱢᱮ᱾,true,step caption
gas01.detect.audio,Walk toward the area and watch the gas detector reading.,उस जगह की ओर चलें और गैस डिटेक्टर की रीडिंग देखते रहें।,ᱴᱷᱟᱶ ᱥᱮᱫ ᱥᱮᱱᱚᱜᱢᱮ ᱟᱨ gas detector ᱨᱮᱭᱟᱜ ᱨᱤᱰᱤᱝ ᱧᱮᱞ ᱛᱟᱦᱮᱸᱱᱢᱮ᱾,true,narration script
gas01.mark_zone.instruction,Place cones where the detector reaches alert level.,"जहाँ डिटेक्टर अलर्ट स्तर पर पहुँचे, वहाँ कोन रखें।","ᱚᱠᱟᱨᱮ detector ᱦᱩᱥᱤᱭᱟᱹᱨ ᱞᱮᱵᱷᱮᱞ ᱦᱟᱹᱵᱤᱡ ᱥᱮᱴᱮᱨᱚᱜᱼᱟ, ᱩᱱᱰᱮ ᱠᱳᱱ ᱫᱚᱦᱚᱭᱢᱮ᱾",true,step caption
gas01.mark_zone.audio,The detector shows alert level here. Tap the floor to place cones.,डिटेक्टर यहाँ अलर्ट स्तर दिखा रहा है। कोन रखने के लिए फ़र्श को छुएँ।,ᱱᱚᱸᱰᱮ detector ᱦᱩᱥᱤᱭᱟᱹᱨ ᱞᱮᱵᱷᱮᱞ ᱩᱫᱩᱜ ᱮᱫᱟ᱾ ᱠᱳᱱ ᱫᱚᱦᱚ ᱞᱟᱹᱜᱤᱫ ᱚᱛᱮ ᱴᱤᱯᱟᱹᱣᱢᱮ᱾,true,narration script
gas01.ignition_trap.instruction,Should you switch on the fan or light here?,क्या आपको यहाँ पंखा या लाइट चालू करनी चाहिए?,ᱱᱚᱸᱰᱮ ᱯᱚᱸᱠᱷᱟ ᱥᱮ ᱢᱟᱨᱥᱟᱞ ᱪᱟᱹᱞᱩ ᱞᱟᱹᱠᱛᱤ ᱥᱮ ᱵᱟᱝ?,true,step caption
gas01.ignition_trap.audio,Should you switch on the fan or the light here?,क्या आपको यहाँ पंखा या लाइट चालू करनी चाहिए?,ᱟᱢ ᱱᱚᱸᱰᱮ ᱯᱚᱸᱠᱷᱟ ᱥᱮ ᱢᱟᱨᱥᱟᱞ ᱪᱟᱹᱞᱩ ᱞᱟᱹᱠᱛᱤ ᱥᱮ ᱵᱟᱝ?,true,narration script
gas01.ignition_trap.option.operate_switch,Operate the switch,स्विच चलाएँ,ᱥᱩᱭᱤᱪ ᱪᱟᱞᱟᱣᱢᱮ,true,option label
gas01.ignition_trap.option.do_not_touch,Do not touch it and move away,उसे न छुएँ और दूर हट जाएँ,"ᱛᱤ ᱟᱞᱚᱢ ᱞᱟᱜᱟᱣᱟ, ᱥᱟᱝᱜᱤᱧ ᱥᱮᱱᱚᱜᱢᱮ",true,option label
gas01.self_rescuer.instruction,The detector shows danger level. What do you do?,डिटेक्टर खतरे का स्तर दिखा रहा है। आप क्या करेंगे?,Detector ᱠᱷᱟᱛᱚᱨᱟ ᱞᱮᱵᱷᱮᱞ ᱩᱫᱩᱜ ᱮᱫᱟ᱾ ᱟᱢ ᱪᱮᱫ ᱠᱟᱹᱢᱤᱭᱟᱢ?,true,step caption (major variant only)
gas01.self_rescuer.audio,The detector shows danger level. What do you do now?,डिटेक्टर खतरे का स्तर दिखा रहा है। अब आप क्या करेंगे?,Detector ᱠᱷᱟᱛᱚᱨᱟ ᱞᱮᱵᱷᱮᱞ ᱩᱫᱩᱜ ᱮᱫᱟ᱾ ᱱᱤᱛᱚᱜ ᱟᱢ ᱪᱮᱫ ᱠᱟᱹᱢᱤᱭᱟᱢ?,true,narration script (major variant only)
gas01.self_rescuer.option.don_now,Put on the self-rescuer now,अभी सेल्फ़-रेस्क्यूअर पहन लें,ᱱᱤᱛᱚᱜ ᱜᱮ self-rescuer ᱞᱟᱜᱟᱣᱢᱮ,true,option label
gas01.self_rescuer.option.continue_without,Continue without it,उसके बिना आगे बढ़ें,ᱚᱱᱟ ᱵᱮᱜᱚᱨ ᱞᱟᱦᱟ ᱥᱮᱱᱚᱜᱢᱮ,true,option label
gas01.enter_or_retreat.instruction,There is gas in the area. What do you do?,इस जगह में गैस है। आप क्या करेंगे?,ᱴᱷᱟᱶ ᱨᱮ ᱜᱮᱥ ᱢᱮᱱᱟᱜᱼᱟ᱾ ᱟᱢ ᱪᱮᱫ ᱠᱟᱹᱢᱤᱭᱟᱢ?,true,step caption
gas01.enter_or_retreat.audio,There is gas in the area. What do you do now?,इस जगह में गैस है। अब आप क्या करेंगे?,ᱴᱷᱟᱶ ᱨᱮ ᱜᱮᱥ ᱢᱮᱱᱟᱜᱼᱟ᱾ ᱱᱤᱛᱚᱜ ᱟᱢ ᱪᱮᱫ ᱠᱟᱹᱢᱤᱭᱟᱢ?,true,narration script
gas01.enter_or_retreat.option.retreat_signal,Retreat to fresh air and signal your buddy,ताज़ी हवा में लौटें और साथी को इशारा करें,ᱥᱟᱯᱷᱟ ᱦᱚᱭ ᱴᱷᱟᱶ ᱛᱮ ᱨᱩᱣᱟᱹᱲᱢᱮ ᱟᱨ ᱜᱟᱛᱮ ᱤᱥᱟᱨᱟ ᱮᱢᱟᱭᱢᱮ,true,option label
gas01.enter_or_retreat.option.enter_alone,Enter alone to fix it quickly,जल्दी ठीक करने के लिए अकेले अंदर जाएँ,ᱡᱚᱞᱫᱤ ᱴᱷᱤᱠᱟᱹᱣ ᱞᱟᱹᱜᱤᱫ ᱮᱥᱠᱟᱨ ᱵᱷᱤᱛᱤᱨ ᱵᱚᱞᱚᱜᱢᱮ,true,option label
gas01.enter_or_retreat.option.hold_breath,Hold your breath and continue,साँस रोककर आगे बढ़ें,ᱥᱟᱸᱥ ᱥᱟᱵ ᱠᱟᱛᱮ ᱞᱟᱦᱟ ᱥᱮᱱᱚᱜᱢᱮ,true,option label
gas01.retreat.instruction,Move to the fresh-air point with your buddy.,अपने साथी के साथ ताज़ी हवा वाली जगह पर जाएँ।,ᱟᱢᱟᱜ ᱜᱟᱛᱮ ᱥᱟᱶ ᱥᱟᱯᱷᱟ ᱦᱚᱭ ᱴᱷᱟᱶ ᱛᱮ ᱥᱮᱱᱚᱜᱢᱮ᱾,true,step caption
gas01.retreat.audio,Go to the fresh-air point now. Take your buddy with you.,अभी ताज़ी हवा वाली जगह पर जाएँ। अपने साथी को साथ ले जाएँ।,ᱱᱤᱛᱚᱜ ᱥᱟᱯᱷᱟ ᱦᱚᱭ ᱴᱷᱟᱶ ᱛᱮ ᱥᱮᱱᱚᱜᱢᱮ᱾ ᱟᱢᱟᱜ ᱜᱟᱛᱮ ᱦᱚᱸ ᱥᱟᱶ ᱤᱫᱤᱭᱮᱢᱮ᱾,true,narration script
gas01.report.instruction,You are in fresh air. What do you do next?,आप ताज़ी हवा में हैं। आगे क्या करेंगे?,ᱟᱢ ᱥᱟᱯᱷᱟ ᱦᱚᱭ ᱨᱮ ᱢᱮᱱᱟᱢᱟ᱾ ᱛᱟᱭᱚᱢ ᱪᱮᱫ ᱠᱟᱹᱢᱤᱭᱟᱢ?,true,step caption
gas01.report.audio,You and your buddy are in fresh air. What do you do next?,आप और आपका साथी ताज़ी हवा में हैं। आगे आप क्या करेंगे?,ᱟᱢ ᱟᱨ ᱟᱢᱟᱜ ᱜᱟᱛᱮ ᱥᱟᱯᱷᱟ ᱦᱚᱭ ᱨᱮ ᱢᱮᱱᱟᱵᱮᱱ᱾ ᱛᱟᱭᱚᱢ ᱪᱮᱫ ᱠᱟᱹᱢᱤᱭᱟᱢ?,true,narration script
gas01.report.option.report_barricade,Report it and keep the area barricaded,रिपोर्ट करें और जगह को घेरकर रखें,ᱠᱷᱚᱵᱚᱨ ᱞᱟᱹᱭᱢᱮ ᱟᱨ ᱴᱷᱟᱶ ᱜᱷᱮᱨᱟᱣ ᱠᱟᱛᱮ ᱫᱚᱦᱚᱭᱢᱮ,true,option label
gas01.report.option.reenter_after_5min,Go back in after 5 minutes,5 मिनट बाद फिर अंदर जाएँ,5 ᱢᱤᱱᱤᱴ ᱛᱟᱭᱚᱢ ᱟᱨᱦᱚᱸ ᱵᱷᱤᱛᱤᱨ ᱵᱚᱞᱚᱜᱢᱮ,true,option label
gas01.report.option.tell_no_one,Tell no one,किसी को न बताएँ,ᱡᱟᱦᱟᱸᱭ ᱦᱚᱸ ᱟᱞᱚᱢ ᱞᱟᱹᱭᱟ,true,option label
gas01.rule.ppe,"Take a self-rescuer, gas detector and cap lamp. Never carry matches.","सेल्फ़-रेस्क्यूअर, गैस डिटेक्टर और कैप लैंप साथ लें। माचिस कभी न ले जाएँ।","Self-rescuer, gas detector ᱟᱨ cap lamp ᱤᱫᱤᱭᱢᱮ᱾ ᱢᱟᱪᱤᱥ ᱡᱟᱦᱟᱸ ᱚᱠᱛᱚ ᱦᱚᱸ ᱟᱞᱚᱢ ᱤᱫᱤᱭᱟ᱾",true,rule feedback
gas01.rule.buddy_check,Check all four items on your buddy.,अपने साथी की चारों चीज़ें जाँचें।,ᱟᱢᱟᱜ ᱜᱟᱛᱮ ᱨᱮᱭᱟᱜ ᱥᱟᱱᱟᱢ 4 ᱡᱤᱱᱤᱥ ᱡᱟᱸᱪᱢᱮ᱾,true,rule feedback
gas01.rule.zone_accuracy,Mark the zone where the detector reaches alert level.,"जहाँ डिटेक्टर अलर्ट स्तर पर पहुँचे, वहाँ तक की जगह चिह्नित करें।","ᱚᱠᱟᱨᱮ detector ᱦᱩᱥᱤᱭᱟᱹᱨ ᱞᱮᱵᱷᱮᱞ ᱦᱟᱹᱵᱤᱡ ᱥᱮᱴᱮᱨᱚᱜᱼᱟ, ᱚᱱᱟ ᱴᱷᱟᱶ ᱪᱤᱱᱦᱟᱹᱣᱢᱮ᱾",true,rule feedback
gas01.rule.no_ignition,Never operate a switch near a gas leak.,गैस रिसाव के पास कभी कोई स्विच न चलाएँ।,ᱜᱮᱥ ᱞᱤᱠ ᱥᱚᱨ ᱨᱮ ᱡᱟᱦᱟᱸ ᱚᱠᱛᱚ ᱦᱚᱸ ᱥᱩᱭᱤᱪ ᱟᱞᱚᱢ ᱪᱟᱞᱟᱣᱟ᱾,true,rule feedback
gas01.rule.self_rescuer,"At danger level, put on your self-rescuer at once.",खतरे के स्तर पर तुरंत अपना सेल्फ़-रेस्क्यूअर पहनें।,ᱠᱷᱟᱛᱚᱨᱟ ᱞᱮᱵᱷᱮᱞ ᱨᱮ ᱛᱩᱨᱩᱫ ᱟᱢᱟᱜ self-rescuer ᱞᱟᱜᱟᱣᱢᱮ᱾,true,rule feedback
gas01.rule.order_rescuer_retreat,Put on the self-rescuer before you retreat.,पीछे हटने से पहले सेल्फ़-रेस्क्यूअर पहनें।,ᱨᱩᱣᱟᱹᱲ ᱞᱟᱦᱟ ᱨᱮ self-rescuer ᱞᱟᱜᱟᱣᱢᱮ᱾,true,rule feedback
gas01.rule.retreat_decision,Retreat to fresh air and signal your buddy. Never enter alone.,ताज़ी हवा में लौटें और साथी को इशारा करें। कभी अकेले अंदर न जाएँ।,ᱥᱟᱯᱷᱟ ᱦᱚᱭ ᱴᱷᱟᱶ ᱛᱮ ᱨᱩᱣᱟᱹᱲᱢᱮ ᱟᱨ ᱜᱟᱛᱮ ᱤᱥᱟᱨᱟ ᱮᱢᱟᱭᱢᱮ᱾ ᱡᱟᱦᱟᱸ ᱚᱠᱛᱚ ᱦᱚᱸ ᱮᱥᱠᱟᱨ ᱟᱞᱚᱢ ᱵᱚᱞᱚᱜᱼᱟ᱾,true,rule feedback
gas01.rule.retreat_time,Retreat to fresh air quickly.,जल्दी ताज़ी हवा में लौटें।,ᱡᱚᱞᱫᱤ ᱥᱟᱯᱷᱟ ᱦᱚᱭ ᱴᱷᱟᱶ ᱛᱮ ᱨᱩᱣᱟᱹᱲᱢᱮ᱾,true,rule feedback
gas01.rule.report,Report the leak and keep the area barricaded.,रिसाव की रिपोर्ट करें और जगह को घेरकर रखें।,ᱜᱮᱥ ᱞᱤᱠ ᱨᱮᱭᱟᱜ ᱠᱷᱚᱵᱚᱨ ᱞᱟᱹᱭᱢᱮ ᱟᱨ ᱴᱷᱟᱶ ᱜᱷᱮᱨᱟᱣ ᱠᱟᱛᱮ ᱫᱚᱦᱚᱭᱢᱮ᱾,true,rule feedback
